image_path,Категория,Сезон,Цвет,Узор,Фасон
man_clothes-clothes-muzhskie-bryuki\image_0_MP002XM0BH4Y_25148250_1_v1_2x.jpg,Утепленные брюки,Не указано,Не указано,Не указано,Не указано
man_clothes-clothes-muzhskie-bryuki\image_1_MP002XM0BH4Y_25148251_2_v1_2x.jpg,Утепленные брюки,Не указано,Не указано,Не указано,Не указано
man_clothes-clothes-muzhskie-bryuki\image_2_MP002XM0BH4Y_25148252_3_v1_2x.jpg,Утепленные брюки,Не указано,Не указано,Не указано,Не указано
man_clothes-clothes-muzhskie-bryuki\image_3_MP002XM0BH4Y_25148253_4_v1_2x.jpg,Утепленные брюки,Не указано,Не указано,Не указано,Не указано
man_clothes-clothes-muzhskie-bryuki\image_0_MP002XM00KPI_23758878_1_v1_2x.jpg,Брюки,Не указано,Не указано,Не указано,Не указано
man_clothes-clothes-muzhskie-bryuki\image_1_MP002XM00KPI_23758879_2_v1_2x.jpg,Брюки,Не указано,Не указано,Не указано,Не указано
man_clothes-clothes-muzhskie-bryuki\image_2_MP002XM00KPI_23758880_3_v1_2x.jpg,Брюки,Не указано,Не указано,Не указано,Не указано
man_clothes-clothes-muzhskie-bryuki\image_3_MP002XM00KPI_23758881_4_v1_2x.jpg,Брюки,Не указано,Не указано,Не указано,Не указано
man_clothes-clothes-muzhskie-bryuki\image_0_MP002XM0BH2V_24754765_1_v1_2x.jpg,Повседневные брюки,Не указано,Не указано,Не указано,Не указано
man_clothes-clothes-muzhskie-bryuki\image_1_MP002XM0BH2V_24754766_2_v1_2x.jpg,Повседневные брюки,Не указано,Не указано,Не указано,Не указано
man_clothes-clothes-muzhskie-bryuki\image_2_MP002XM0BH2V_24754767_3_v1_2x.jpg,Повседневные брюки,Не указано,Не указано,Не указано,Не указано
man_clothes-clothes-muzhskie-bryuki\image_3_MP002XM0BH2V_24754768_4_v1_2x.jpg,Повседневные брюки,Не указано,Не указано,Не указано,Не указано
man_clothes-clothes-muzhskie-bryuki\image_0_MP002XM0BLV6_24633387_1_v1_2x.jpg,Классические брюки,Не указано,Не указано,Не указано,Не указано
man_clothes-clothes-muzhskie-bryuki\image_1_MP002XM0BLV6_24633388_2_v1_2x.jpg,Классические брюки,Не указано,Не указано,Не указано,Не указано
man_clothes-clothes-muzhskie-bryuki\image_2_MP002XM0BLV6_24633389_3_v1_2x.jpg,Классические брюки,Не указано,Не указано,Не указано,Не указано
man_clothes-clothes-muzhskie-bryuki\image_3_MP002XM0BLV6_24633390_4_v1_2x.jpg,Классические брюки,Не указано,Не указано,Не указано,Не указано
man_clothes-clothes-muzhskie-bryuki\image_0_MP002XM0BBEG_24488927_1_v1_2x.jpg,Спортивные брюки,Не указано,Не указано,Не указано,Не указано
man_clothes-clothes-muzhskie-bryuki\image_1_MP002XM0BBEG_24488928_2_v1_2x.jpg,Спортивные брюки,Не указано,Не указано,Не указано,Не указано
man_clothes-clothes-muzhskie-bryuki\image_2_MP002XM0BBEG_24488929_3_v1_2x.jpg,Спортивные брюки,Не указано,Не указано,Не указано,Не указано
man_clothes-clothes-muzhskie-bryuki\image_3_MP002XM0BBEG_24488930_4_v1_2x.jpg,Спортивные брюки,Не указано,Не указано,Не указано,Не указано
man_clothes-clothes-muzhskie-bryuki\image_0_MP002XM0BHA0_24973242_1_v1_2x.jpg,Утепленные брюки,Не указано,Не указано,Не указано,Не указано
man_clothes-clothes-muzhskie-bryuki\image_1_MP002XM0BHA0_24973243_2_v1_2x.jpg,Утепленные брюки,Не указано,Не указано,Не указано,Не указано
man_clothes-clothes-muzhskie-bryuki\image_2_MP002XM0BHA0_24973244_3_v1_2x.jpg,Утепленные брюки,Не указано,Не указано,Не указано,Не указано
man_clothes-clothes-muzhskie-bryuki\image_3_MP002XM0BHA0_24973245_4_v1_2x.jpg,Утепленные брюки,Не указано,Не указано,Не указано,Не указано
man_clothes-clothes-muzhskie-bryuki\image_0_MP002XM094PF_18585084_1_v1_2x.jpg,Брюки,демисезон,Не указано,Не указано,Не указано
man_clothes-clothes-muzhskie-bryuki\image_1_MP002XM094PF_18585085_2_v1_2x.jpg,Брюки,демисезон,Не указано,Не указано,Не указано
man_clothes-clothes-muzhskie-bryuki\image_2_MP002XM094PF_18585086_3_v1_2x.jpg,Брюки,демисезон,Не указано,Не указано,Не указано
man_clothes-clothes-muzhskie-bryuki\image_3_MP002XM094PF_18585087_4_v1_2x.jpg,Брюки,демисезон,Не указано,Не указано,Не указано
man_clothes-clothes-muzhskie-bryuki\image_0_MP002XM093AC_18947685_1_v1.jpg,Спортивные брюки,мульти,синий,однотонный,Не указано
man_clothes-clothes-muzhskie-bryuki\image_1_MP002XM093AC_18947686_2_v1.jpg,Спортивные брюки,мульти,синий,однотонный,Не указано
man_clothes-clothes-muzhskie-bryuki\image_0_MP002XM0BFH2_24378973_1_v1_2x.jpg,Спортивные брюки,Не указано,Не указано,Не указано,Не указано
man_clothes-clothes-muzhskie-bryuki\image_1_MP002XM0BFH2_24378974_2_v1_2x.jpg,Спортивные брюки,Не указано,Не указано,Не указано,Не указано
man_clothes-clothes-muzhskie-bryuki\image_3_MP002XM0BFH2_24378976_4_v1_2x.jpg,Спортивные брюки,Не указано,Не указано,Не указано,Не указано
man_clothes-clothes-muzhskie-bryuki\image_0_MP002XM0BBEF_24189251_1_v1_2x.jpg,Брюки,Не указано,Не указано,Не указано,Не указано
man_clothes-clothes-muzhskie-bryuki\image_1_MP002XM0BBEF_24189252_2_v1_2x.jpg,Брюки,Не указано,Не указано,Не указано,Не указано
man_clothes-clothes-muzhskie-bryuki\image_2_MP002XM0BBEF_24189253_3_v1_2x.jpg,Брюки,Не указано,Не указано,Не указано,Не указано
man_clothes-clothes-muzhskie-bryuki\image_3_MP002XM0BBEF_24189254_4_v1_2x.jpg,Брюки,Не указано,Не указано,Не указано,Не указано
man_clothes-clothes-muzhskie-bryuki\image_0_RTLADS295001_25146321_1_v1.jpg,Брюки,мульти,черный,однотонный,Не указано
man_clothes-clothes-muzhskie-bryuki\image_1_RTLADS295001_25146322_2_v1.jpg,Брюки,мульти,черный,однотонный,Не указано
man_clothes-clothes-muzhskie-bryuki\image_0_MP002XM0VGH6_22064054_1_v1_2x.jpg,Брюки,Не указано,Не указано,Не указано,Не указано
man_clothes-clothes-muzhskie-bryuki\image_1_MP002XM0VGH6_22064055_2_v1_2x.jpg,Брюки,Не указано,Не указано,Не указано,Не указано
man_clothes-clothes-muzhskie-bryuki\image_2_MP002XM0VGH6_22064056_3_v1_2x.jpg,Брюки,Не указано,Не указано,Не указано,Не указано
man_clothes-clothes-muzhskie-bryuki\image_3_MP002XM0VGH6_22064057_4_v1_2x.jpg,Брюки,Не указано,Не указано,Не указано,Не указано
man_clothes-clothes-muzhskie-bryuki\image_0_MP002XM0BLV7_24634460_1_v1_2x.jpg,Классические брюки,Не указано,Не указано,Не указано,Не указано
man_clothes-clothes-muzhskie-bryuki\image_1_MP002XM0BLV7_24634461_2_v1_2x.jpg,Классические брюки,Не указано,Не указано,Не указано,Не указано
man_clothes-clothes-muzhskie-bryuki\image_2_MP002XM0BLV7_24634462_3_v1_2x.jpg,Классические брюки,Не указано,Не указано,Не указано,Не указано
man_clothes-clothes-muzhskie-bryuki\image_3_MP002XM0BLV7_24634463_4_v1_2x.jpg,Классические брюки,Не указано,Не указано,Не указано,Не указано
man_clothes-clothes-muzhskie-bryuki\image_0_MP002XM0BGJL_24502550_1_v1_2x.jpg,Чиносы,Не указано,Не указано,Не указано,Не указано
man_clothes-clothes-muzhskie-bryuki\image_1_MP002XM0BGJL_24502551_2_v1_2x.jpg,Чиносы,Не указано,Не указано,Не указано,Не указано
man_clothes-clothes-muzhskie-bryuki\image_2_MP002XM0BGJL_24502552_3_v1_2x.jpg,Чиносы,Не указано,Не указано,Не указано,Не указано
man_clothes-clothes-muzhskie-bryuki\image_3_MP002XM0BGJL_24502553_4_v1_2x.jpg,Чиносы,Не указано,Не указано,Не указано,Не указано
man_clothes-clothes-muzhskie-bryuki\image_0_MP002XM0BHFH_24328316_1_v1.jpeg,Повседневные брюки,Не указано,Не указано,Не указано,Не указано
man_clothes-clothes-muzhskie-bryuki\image_1_MP002XM0BHFH_24328305_2_v1.jpeg,Повседневные брюки,Не указано,Не указано,Не указано,Не указано
man_clothes-clothes-muzhskie-bryuki\image_2_MP002XM0BHFH_24328310_3_v1.jpeg,Повседневные брюки,Не указано,Не указано,Не указано,Не указано
man_clothes-clothes-muzhskie-bryuki\image_3_MP002XM0BHFH_24328379_4_v1.jpeg,Повседневные брюки,Не указано,Не указано,Не указано,Не указано
man_clothes-clothes-muzhskie-bryuki\image_4_MP002XM0BHFH_24328329_5_v1.jpeg,Повседневные брюки,Не указано,Не указано,Не указано,Не указано
man_clothes-clothes-muzhskie-bryuki\image_5_MP002XM0BHFH_24328324_6_v1.jpeg,Повседневные брюки,Не указано,Не указано,Не указано,Не указано
man_clothes-clothes-muzhskie-bryuki\image_0_MP002XM0B9Z7_24053819_1_v1_2x.jpg,Классические брюки,Не указано,Не указано,Не указано,Не указано
man_clothes-clothes-muzhskie-bryuki\image_1_MP002XM0B9Z7_24053820_2_v1_2x.jpg,Классические брюки,Не указано,Не указано,Не указано,Не указано
man_clothes-clothes-muzhskie-bryuki\image_2_MP002XM0B9Z7_24053821_3_v1_2x.jpg,Классические брюки,Не указано,Не указано,Не указано,Не указано
man_clothes-clothes-muzhskie-bryuki\image_3_MP002XM0B9Z7_24053822_4_v1_2x.jpg,Классические брюки,Не указано,Не указано,Не указано,Не указано
man_clothes-clothes-muzhskie-bryuki\image_0_MP002XM08IF8_17608816_1_v1_2x.jpg,Карго,мульти,Не указано,Не указано,Не указано
man_clothes-clothes-muzhskie-bryuki\image_1_MP002XM08IF8_17608817_2_v1_2x.jpg,Карго,мульти,Не указано,Не указано,Не указано
man_clothes-clothes-muzhskie-bryuki\image_2_MP002XM08IF8_17608818_3_v1_2x.jpg,Карго,мульти,Не указано,Не указано,Не указано
man_clothes-clothes-muzhskie-bryuki\image_3_MP002XM08IF8_17608819_4_v1_2x.jpg,Карго,мульти,Не указано,Не указано,Не указано
man_clothes-clothes-muzhskie-bryuki\image_0_MP002XM0BBE5_24189243_1_v1_2x.jpg,Брюки,Не указано,Не указано,Не указано,Не указано
man_clothes-clothes-muzhskie-bryuki\image_1_MP002XM0BBE5_24189244_2_v1_2x.jpg,Брюки,Не указано,Не указано,Не указано,Не указано
man_clothes-clothes-muzhskie-bryuki\image_2_MP002XM0BBE5_24189245_3_v1_2x.jpg,Брюки,Не указано,Не указано,Не указано,Не указано
man_clothes-clothes-muzhskie-bryuki\image_3_MP002XM0BBE5_24189246_4_v1_2x.jpg,Брюки,Не указано,Не указано,Не указано,Не указано
man_clothes-clothes-muzhskie-bryuki\image_0_MP002XM0B9YX_24053811_1_v1_2x.jpg,Классические брюки,Не указано,Не указано,Не указано,Не указано
man_clothes-clothes-muzhskie-bryuki\image_1_MP002XM0B9YX_24053812_2_v1_2x.jpg,Классические брюки,Не указано,Не указано,Не указано,Не указано
man_clothes-clothes-muzhskie-bryuki\image_2_MP002XM0B9YX_24053813_3_v1_2x.jpg,Классические брюки,Не указано,Не указано,Не указано,Не указано
man_clothes-clothes-muzhskie-bryuki\image_3_MP002XM0B9YX_24053814_4_v1_2x.jpg,Классические брюки,Не указано,Не указано,Не указано,Не указано
man_clothes-clothes-muzhskie-bryuki\image_0_MP002XM1HZIH_15949188_1_v1.jpeg,Повседневные брюки,мульти,черный,Не указано,Не указано
man_clothes-clothes-muzhskie-bryuki\image_1_MP002XM1HZIH_15949186_2_v1.jpeg,Повседневные брюки,мульти,черный,Не указано,Не указано
man_clothes-clothes-muzhskie-bryuki\image_2_MP002XM1HZIH_15949187_3_v1.jpeg,Повседневные брюки,мульти,черный,Не указано,Не указано
man_clothes-clothes-muzhskie-bryuki\image_3_MP002XM1HZIH_15949190_4_v1.jpeg,Повседневные брюки,мульти,черный,Не указано,Не указано
man_clothes-clothes-muzhskie-bryuki\image_4_MP002XM1HZIH_15949189_5_v1.jpeg,Повседневные брюки,мульти,черный,Не указано,Не указано
man_clothes-clothes-muzhskie-bryuki\image_0_MP002XM0BI4J_24343477_1_v1_2x.jpeg,Спортивные брюки,мульти,серый,однотонный,Не указано
man_clothes-clothes-muzhskie-bryuki\image_1_MP002XM0BI4J_24343470_2_v1_2x.jpeg,Спортивные брюки,мульти,серый,однотонный,Не указано
man_clothes-clothes-muzhskie-bryuki\image_2_MP002XM0BI4J_24343489_3_v1_2x.jpeg,Спортивные брюки,мульти,серый,однотонный,Не указано
man_clothes-clothes-muzhskie-bryuki\image_3_MP002XM0BI4J_24343486_4_v1_2x.jpeg,Спортивные брюки,мульти,серый,однотонный,Не указано
man_clothes-clothes-muzhskie-bryuki\image_4_MP002XM0BI4J_24343495_5_v1_2x.jpeg,Спортивные брюки,мульти,серый,однотонный,Не указано
man_clothes-clothes-muzhskie-bryuki\image_0_RTLADQ459301_24926881_1_v4_2x.jpg,Повседневные брюки,мульти,серый,однотонный,Не указано
man_clothes-clothes-muzhskie-bryuki\image_1_RTLADQ459301_24926882_2_v4_2x.jpg,Повседневные брюки,мульти,серый,однотонный,Не указано
man_clothes-clothes-muzhskie-bryuki\image_2_RTLADQ459301_24926883_3_v3_2x.jpg,Повседневные брюки,мульти,серый,однотонный,Не указано
man_clothes-clothes-muzhskie-bryuki\image_3_RTLADQ459301_24926884_4_v3_2x.jpg,Повседневные брюки,мульти,серый,однотонный,Не указано
man_clothes-clothes-muzhskie-bryuki\image_4_RTLADQ459301_24926885_5_v3_2x.jpg,Повседневные брюки,мульти,серый,однотонный,Не указано
man_clothes-clothes-muzhskie-bryuki\image_5_RTLADQ459301_24937636_13_v1_2x.jpg,Повседневные брюки,мульти,серый,однотонный,Не указано
man_clothes-clothes-muzhskie-bryuki\image_0_MP002XM0BMG1_24685247_1_v2_2x.jpg,Повседневные брюки,Не указано,Не указано,Не указано,Не указано
man_clothes-clothes-muzhskie-bryuki\image_1_MP002XM0BMG1_24685249_2_v2_2x.jpg,Повседневные брюки,Не указано,Не указано,Не указано,Не указано
man_clothes-clothes-muzhskie-bryuki\image_2_MP002XM0BMG1_24685250_3_v2_2x.jpg,Повседневные брюки,Не указано,Не указано,Не указано,Не указано
man_clothes-clothes-muzhskie-bryuki\image_3_MP002XM0BMG1_24685253_4_v2_2x.jpg,Повседневные брюки,Не указано,Не указано,Не указано,Не указано
man_clothes-clothes-muzhskie-bryuki\image_0_MP002XM008UD_22673830_1_v1_2x.jpg,Брюки,мульти,Не указано,Не указано,Не указано
man_clothes-clothes-muzhskie-bryuki\image_1_MP002XM008UD_22673831_2_v1_2x.jpg,Брюки,мульти,Не указано,Не указано,Не указано
man_clothes-clothes-muzhskie-bryuki\image_2_MP002XM008UD_22673832_3_v1_2x.jpg,Брюки,мульти,Не указано,Не указано,Не указано
man_clothes-clothes-muzhskie-bryuki\image_3_MP002XM008UD_22673833_4_v1_2x.jpg,Брюки,мульти,Не указано,Не указано,Не указано
man_clothes-clothes-muzhskie-bryuki\image_0_MP002XM0B7UD_23825176_1_v1.jpeg,Повседневные брюки,мульти,черный,однотонный,Не указано
man_clothes-clothes-muzhskie-bryuki\image_1_MP002XM0B7UD_23825174_2_v1.jpeg,Повседневные брюки,мульти,черный,однотонный,Не указано
man_clothes-clothes-muzhskie-bryuki\image_2_MP002XM0B7UD_23825178_3_v1.jpeg,Повседневные брюки,мульти,черный,однотонный,Не указано
man_clothes-clothes-muzhskie-bryuki\image_3_MP002XM0B7UD_23825180_4_v1.jpeg,Повседневные брюки,мульти,черный,однотонный,Не указано
man_clothes-clothes-muzhskie-bryuki\image_4_MP002XM0B7UD_23825182_5_v1.jpeg,Повседневные брюки,мульти,черный,однотонный,Не указано
man_clothes-clothes-muzhskie-bryuki\image_5_MP002XM0B7UD_23825184_6_v1.jpeg,Повседневные брюки,мульти,черный,однотонный,Не указано
man_clothes-clothes-muzhskie-bryuki\image_0_MP002XM0BUUG_24916214_1_v1.jpeg,Спортивные брюки,мульти,черный,однотонный,Не указано
man_clothes-clothes-muzhskie-bryuki\image_1_MP002XM0BUUG_24916217_2_v1.jpeg,Спортивные брюки,мульти,черный,однотонный,Не указано
man_clothes-clothes-muzhskie-bryuki\image_2_MP002XM0BUUG_24916219_3_v1.jpeg,Спортивные брюки,мульти,черный,однотонный,Не указано
man_clothes-clothes-muzhskie-bryuki\image_3_MP002XM0BUUG_24916223_4_v1.jpeg,Спортивные брюки,мульти,черный,однотонный,Не указано
man_clothes-clothes-muzhskie-bryuki\image_4_MP002XM0BUUG_24916210_5_v1.jpeg,Спортивные брюки,мульти,черный,однотонный,Не указано
man_clothes-clothes-muzhskie-bryuki\image_5_MP002XM0BUUG_24916229_6_v1.jpeg,Спортивные брюки,мульти,черный,однотонный,Не указано
man_clothes-clothes-muzhskie-bryuki\image_0_MP002XM1ZW7A_19620994_1_v1_2x.jpg,Брюки,Не указано,Не указано,Не указано,Не указано
man_clothes-clothes-muzhskie-bryuki\image_1_MP002XM1ZW7A_19620995_2_v1_2x.jpg,Брюки,Не указано,Не указано,Не указано,Не указано
man_clothes-clothes-muzhskie-bryuki\image_2_MP002XM1ZW7A_19620996_3_v1_2x.jpg,Брюки,Не указано,Не указано,Не указано,Не указано
man_clothes-clothes-muzhskie-bryuki\image_3_MP002XM1ZW7A_19620997_4_v1_2x.jpg,Брюки,Не указано,Не указано,Не указано,Не указано
man_clothes-clothes-muzhskie-bryuki\image_0_MP002XM00F6D_23136537_1_v1_2x.jpg,Брюки,Не указано,Не указано,Не указано,Не указано
man_clothes-clothes-muzhskie-bryuki\image_1_MP002XM00F6D_23136538_2_v1_2x.jpg,Брюки,Не указано,Не указано,Не указано,Не указано
man_clothes-clothes-muzhskie-bryuki\image_2_MP002XM00F6D_23136539_3_v1_2x.jpg,Брюки,Не указано,Не указано,Не указано,Не указано
man_clothes-clothes-muzhskie-bryuki\image_3_MP002XM00F6D_23136540_4_v1_2x.jpg,Брюки,Не указано,Не указано,Не указано,Не указано
man_clothes-clothes-muzhskie-bryuki\image_0_MP002XM22AA6_14745235_1_v4.jpeg,Повседневные брюки,мульти,синий,Не указано,Не указано
man_clothes-clothes-muzhskie-bryuki\image_1_MP002XM22AA6_14745238_2_v4.jpeg,Повседневные брюки,мульти,синий,Не указано,Не указано
man_clothes-clothes-muzhskie-bryuki\image_2_MP002XM22AA6_14745236_3_v4.jpeg,Повседневные брюки,мульти,синий,Не указано,Не указано
man_clothes-clothes-muzhskie-bryuki\image_3_MP002XM22AA6_14745239_4_v4.jpeg,Повседневные брюки,мульти,синий,Не указано,Не указано
man_clothes-clothes-muzhskie-bryuki\image_4_MP002XM22AA6_14745237_5_v4.jpeg,Повседневные брюки,мульти,синий,Не указано,Не указано
man_clothes-clothes-muzhskie-bryuki\image_0_MP002XM0BGGS_24293760_1_v1_2x.jpeg,Спортивные брюки,мульти,зеленый,Не указано,Не указано
man_clothes-clothes-muzhskie-bryuki\image_1_MP002XM0BGGS_24293770_2_v1_2x.jpeg,Спортивные брюки,мульти,зеленый,Не указано,Не указано
man_clothes-clothes-muzhskie-bryuki\image_2_MP002XM0BGGS_24293764_3_v1_2x.jpeg,Спортивные брюки,мульти,зеленый,Не указано,Не указано
man_clothes-clothes-muzhskie-bryuki\image_3_MP002XM0BGGS_24293755_4_v1_2x.jpeg,Спортивные брюки,мульти,зеленый,Не указано,Не указано
man_clothes-clothes-muzhskie-bryuki\image_4_MP002XM0BGGS_24293778_5_v1_2x.jpeg,Спортивные брюки,мульти,зеленый,Не указано,Не указано
man_clothes-clothes-muzhskie-bryuki\image_5_MP002XM0BGGS_24293791_6_v1_2x.jpeg,Спортивные брюки,мульти,зеленый,Не указано,Не указано
man_clothes-clothes-muzhskie-bryuki\image_0_MP002XM0BKBZ_24502757_1_v1_2x.jpg,Классические брюки,Не указано,Не указано,Не указано,Не указано
man_clothes-clothes-muzhskie-bryuki\image_1_MP002XM0BKBZ_24502758_2_v1_2x.jpg,Классические брюки,Не указано,Не указано,Не указано,Не указано
man_clothes-clothes-muzhskie-bryuki\image_2_MP002XM0BKBZ_24502759_3_v1_2x.jpg,Классические брюки,Не указано,Не указано,Не указано,Не указано
man_clothes-clothes-muzhskie-bryuki\image_3_MP002XM0BKBZ_24502760_4_v1_2x.jpg,Классические брюки,Не указано,Не указано,Не указано,Не указано
man_clothes-clothes-muzhskie-bryuki\image_0_MP002XM0BRIY_24900297_1_v1_2x.jpg,Утепленные брюки,Не указано,Не указано,Не указано,Не указано
man_clothes-clothes-muzhskie-bryuki\image_1_MP002XM0BRIY_24900298_2_v1_2x.jpg,Утепленные брюки,Не указано,Не указано,Не указано,Не указано
man_clothes-clothes-muzhskie-bryuki\image_2_MP002XM0BRIY_24900299_3_v1_2x.jpg,Утепленные брюки,Не указано,Не указано,Не указано,Не указано
man_clothes-clothes-muzhskie-bryuki\image_3_MP002XM0BRIY_24900300_4_v1_2x.jpg,Утепленные брюки,Не указано,Не указано,Не указано,Не указано
man_clothes-clothes-muzhskie-bryuki\image_0_MP002XM00LLW_23498404_1_v1_2x.jpg,Джоггеры,мульти,Не указано,Не указано,Не указано
man_clothes-clothes-muzhskie-bryuki\image_1_MP002XM00LLW_23498407_2_v1_2x.jpg,Джоггеры,мульти,Не указано,Не указано,Не указано
man_clothes-clothes-muzhskie-bryuki\image_2_MP002XM00LLW_23498408_3_v1_2x.jpg,Джоггеры,мульти,Не указано,Не указано,Не указано
man_clothes-clothes-muzhskie-bryuki\image_3_MP002XM00LLW_23498409_4_v1_2x.jpg,Джоггеры,мульти,Не указано,Не указано,Не указано
man_clothes-clothes-muzhskie-bryuki\image_0_MP002XM0BOOY_24973310_1_v1_2x.jpg,Спортивные брюки,Не указано,Не указано,Не указано,Не указано
man_clothes-clothes-muzhskie-bryuki\image_1_MP002XM0BOOY_24973311_2_v1_2x.jpg,Спортивные брюки,Не указано,Не указано,Не указано,Не указано
man_clothes-clothes-muzhskie-bryuki\image_2_MP002XM0BOOY_24973312_3_v1_2x.jpg,Спортивные брюки,Не указано,Не указано,Не указано,Не указано
man_clothes-clothes-muzhskie-bryuki\image_3_MP002XM0BOOY_24973313_4_v1_2x.jpg,Спортивные брюки,Не указано,Не указано,Не указано,Не указано
man_clothes-clothes-muzhskie-bryuki\image_0_MP002XM0B8S8_24091388_1_v1_2x.jpg,Брюки,Не указано,Не указано,Не указано,Не указано
man_clothes-clothes-muzhskie-bryuki\image_1_MP002XM0B8S8_24091389_2_v1_2x.jpg,Брюки,Не указано,Не указано,Не указано,Не указано
man_clothes-clothes-muzhskie-bryuki\image_2_MP002XM0B8S8_24091390_3_v1_2x.jpg,Брюки,Не указано,Не указано,Не указано,Не указано
man_clothes-clothes-muzhskie-bryuki\image_3_MP002XM0B8S8_24091391_4_v1_2x.jpg,Брюки,Не указано,Не указано,Не указано,Не указано
man_clothes-clothes-muzhskie-bryuki\image_0_MP002XM00KPJ_23755585_1_v1_2x.jpg,Брюки,Не указано,Не указано,Не указано,Не указано
man_clothes-clothes-muzhskie-bryuki\image_1_MP002XM00KPJ_23755586_2_v1_2x.jpg,Брюки,Не указано,Не указано,Не указано,Не указано
man_clothes-clothes-muzhskie-bryuki\image_2_MP002XM00KPJ_23755587_3_v1_2x.jpg,Брюки,Не указано,Не указано,Не указано,Не указано
man_clothes-clothes-muzhskie-bryuki\image_3_MP002XM00KPJ_23755588_4_v1_2x.jpg,Брюки,Не указано,Не указано,Не указано,Не указано
man_clothes-clothes-muzhskie-bryuki\image_0_RTLADJ958101_23217425_1_v1_2x.jpg,Повседневные брюки,Не указано,Не указано,Не указано,Не указано
man_clothes-clothes-muzhskie-bryuki\image_1_RTLADJ958101_23217426_2_v1_2x.jpg,Повседневные брюки,Не указано,Не указано,Не указано,Не указано
man_clothes-clothes-muzhskie-bryuki\image_2_RTLADJ958101_23217427_3_v1_2x.jpg,Повседневные брюки,Не указано,Не указано,Не указано,Не указано
man_clothes-clothes-muzhskie-bryuki\image_3_RTLADJ958101_23217428_4_v1_2x.jpg,Повседневные брюки,Не указано,Не указано,Не указано,Не указано
man_clothes-clothes-muzhskie-bryuki\image_0_RTLADR898901_25254904_1_v1_2x.jpg,Спортивные,Не указано,Не указано,Не указано,Не указано
man_clothes-clothes-muzhskie-bryuki\image_1_RTLADR898901_25254905_2_v1_2x.jpg,Спортивные,Не указано,Не указано,Не указано,Не указано
man_clothes-clothes-muzhskie-bryuki\image_2_RTLADR898901_25254906_3_v1_2x.jpg,Спортивные,Не указано,Не указано,Не указано,Не указано
man_clothes-clothes-muzhskie-bryuki\image_3_RTLADR898901_25254907_4_v1_2x.jpg,Спортивные,Не указано,Не указано,Не указано,Не указано
man_clothes-clothes-muzhskie-bryuki\image_0_RTLADE048102_24550429_1_v2_2x.jpg,Брюки,Не указано,Не указано,Не указано,Не указано
man_clothes-clothes-muzhskie-bryuki\image_1_RTLADE048102_24550430_2_v2_2x.jpg,Брюки,Не указано,Не указано,Не указано,Не указано
man_clothes-clothes-muzhskie-bryuki\image_2_RTLADE048102_24550431_3_v2_2x.jpg,Брюки,Не указано,Не указано,Не указано,Не указано
man_clothes-clothes-muzhskie-bryuki\image_3_RTLADE048102_24550432_4_v2_2x.jpg,Брюки,Не указано,Не указано,Не указано,Не указано
man_clothes-clothes-muzhskie-bryuki\image_0_MP002XM0B981_24033601_1_v1_2x.jpg,Брюки,Не указано,Не указано,Не указано,Не указано
man_clothes-clothes-muzhskie-bryuki\image_1_MP002XM0B981_24033602_2_v1_2x.jpg,Брюки,Не указано,Не указано,Не указано,Не указано
man_clothes-clothes-muzhskie-bryuki\image_2_MP002XM0B981_24033603_3_v1_2x.jpg,Брюки,Не указано,Не указано,Не указано,Не указано
man_clothes-clothes-muzhskie-bryuki\image_3_MP002XM0B981_24033604_4_v1_2x.jpg,Брюки,Не указано,Не указано,Не указано,Не указано
man_clothes-clothes-muzhskie-bryuki\image_0_MP002XM0BOPC_24817948_1_v1_2x.jpg,Карго,Не указано,Не указано,Не указано,Не указано
