Lamoda,https://a.lmcdn.ru/img600x866/M/P/MP002XW16YC7_25727361_1_v1_2x.jpg,MP002XW16YC7,Боди с коротким рукавом,,2 199,Tezenis,мульти,черный,,,трикотаж,,,,,,,"Полиэстер - 94%, Эластан - 6%"
Lamoda,https://a.lmcdn.ru/img600x866/M/P/MP002XW16YC7_25727362_2_v1_2x.jpg,MP002XW16YC7,Боди с коротким рукавом,,2 199,Tezenis,мульти,черный,,,трикотаж,,,,,,,"Полиэстер - 94%, Эластан - 6%"
Lamoda,https://a.lmcdn.ru/img600x866/M/P/MP002XW16YC7_25727363_3_v1_2x.jpg,MP002XW16YC7,Боди с коротким рукавом,,2 199,Tezenis,мульти,черный,,,трикотаж,,,,,,,"Полиэстер - 94%, Эластан - 6%"
Lamoda,https://a.lmcdn.ru/img600x866/M/P/MP002XW16YC7_25714922_9_v1_2x.jpg,MP002XW16YC7,Боди с коротким рукавом,,2 199,Tezenis,мульти,черный,,,трикотаж,,,,,,,"Полиэстер - 94%, Эластан - 6%"
Lamoda,https://a.lmcdn.ru/img600x866/M/P/MP002XW18A0J_24499477_1_v1_2x.jpeg,MP002XW18A0J,Боди c длинным рукавом,,5 490,Kan-Kan,мульти,бежевый,,,трикотаж,,,,,,без подкладки,"Вискоза - 95%, Спандекс - 5%"
Lamoda,https://a.lmcdn.ru/img600x866/M/P/MP002XW18A0J_24499480_2_v1_2x.jpeg,MP002XW18A0J,Боди c длинным рукавом,,5 490,Kan-Kan,мульти,бежевый,,,трикотаж,,,,,,без подкладки,"Вискоза - 95%, Спандекс - 5%"
Lamoda,https://a.lmcdn.ru/img600x866/M/P/MP002XW18A0J_24499495_3_v1_2x.jpeg,MP002XW18A0J,Боди c длинным рукавом,,5 490,Kan-Kan,мульти,бежевый,,,трикотаж,,,,,,без подкладки,"Вискоза - 95%, Спандекс - 5%"
Lamoda,https://a.lmcdn.ru/img600x866/M/P/MP002XW18A0J_24499485_4_v1_2x.jpeg,MP002XW18A0J,Боди c длинным рукавом,,5 490,Kan-Kan,мульти,бежевый,,,трикотаж,,,,,,без подкладки,"Вискоза - 95%, Спандекс - 5%"
Lamoda,https://a.lmcdn.ru/img600x866/M/P/MP002XW18A0J_24499491_5_v1_2x.jpeg,MP002XW18A0J,Боди c длинным рукавом,,5 490,Kan-Kan,мульти,бежевый,,,трикотаж,,,,,,без подкладки,"Вискоза - 95%, Спандекс - 5%"
Lamoda,https://a.lmcdn.ru/img600x866/M/P/MP002XW18A0J_24499499_6_v1_2x.jpeg,MP002XW18A0J,Боди c длинным рукавом,,5 490,Kan-Kan,мульти,бежевый,,,трикотаж,,,,,,без подкладки,"Вискоза - 95%, Спандекс - 5%"
Lamoda,https://a.lmcdn.ru/img600x866/M/P/MP002XW18E03_24556106_1_v1_2x.jpeg,MP002XW18E03,Боди c длинным рукавом,,5 490,Kan-Kan,мульти,коричневый,,,трикотаж,,,,,,без подклада,"Вискоза - 95%, Спандекс - 5%"
Lamoda,https://a.lmcdn.ru/img600x866/M/P/MP002XW18E03_24556107_2_v1_2x.jpeg,MP002XW18E03,Боди c длинным рукавом,,5 490,Kan-Kan,мульти,коричневый,,,трикотаж,,,,,,без подклада,"Вискоза - 95%, Спандекс - 5%"
Lamoda,https://a.lmcdn.ru/img600x866/M/P/MP002XW18E03_24556110_3_v1_2x.jpeg,MP002XW18E03,Боди c длинным рукавом,,5 490,Kan-Kan,мульти,коричневый,,,трикотаж,,,,,,без подклада,"Вискоза - 95%, Спандекс - 5%"
Lamoda,https://a.lmcdn.ru/img600x866/M/P/MP002XW18E03_24556108_4_v1_2x.jpeg,MP002XW18E03,Боди c длинным рукавом,,5 490,Kan-Kan,мульти,коричневый,,,трикотаж,,,,,,без подклада,"Вискоза - 95%, Спандекс - 5%"
Lamoda,https://a.lmcdn.ru/img600x866/M/P/MP002XW18E03_24556109_5_v1_2x.jpeg,MP002XW18E03,Боди c длинным рукавом,,5 490,Kan-Kan,мульти,коричневый,,,трикотаж,,,,,,без подклада,"Вискоза - 95%, Спандекс - 5%"
Lamoda,https://a.lmcdn.ru/img600x866/M/P/MP002XW18E03_24556111_6_v1_2x.jpeg,MP002XW18E03,Боди c длинным рукавом,,5 490,Kan-Kan,мульти,коричневый,,,трикотаж,,,,,,без подклада,"Вискоза - 95%, Спандекс - 5%"
Lamoda,https://a.lmcdn.ru/img600x866/M/P/MP002XW0ZPXB_25254637_1_v2.jpg,MP002XW0ZPXB,Боди c длинным рукавом,,5 299,Incanto,мульти,,,,трикотаж,,,,,,,Шерсть - 100%
Lamoda,https://a.lmcdn.ru/img600x866/M/P/MP002XW0ZPXB_25254638_2_v1_2x.jpg,MP002XW0ZPXB,Боди c длинным рукавом,,5 299,Incanto,мульти,,,,трикотаж,,,,,,,Шерсть - 100%
Lamoda,https://a.lmcdn.ru/img600x866/M/P/MP002XW17BUJ_24059267_1_v1.jpeg,MP002XW17BUJ,Боди c длинным рукавом,,1 999,Love Republic,мульти,серый,однотонный,,трикотаж,,кнопки,,,,без подкладки,"Полиамид - 87%, Эластан - 13%"
Lamoda,https://a.lmcdn.ru/img600x866/M/P/MP002XW17BUJ_24059275_2_v1.jpeg,MP002XW17BUJ,Боди c длинным рукавом,,1 999,Love Republic,мульти,серый,однотонный,,трикотаж,,кнопки,,,,без подкладки,"Полиамид - 87%, Эластан - 13%"
Lamoda,https://a.lmcdn.ru/img600x866/M/P/MP002XW17BUJ_24059278_3_v1.jpeg,MP002XW17BUJ,Боди c длинным рукавом,,1 999,Love Republic,мульти,серый,однотонный,,трикотаж,,кнопки,,,,без подкладки,"Полиамид - 87%, Эластан - 13%"
Lamoda,https://a.lmcdn.ru/img600x866/M/P/MP002XW17BUJ_24059281_4_v1.jpeg,MP002XW17BUJ,Боди c длинным рукавом,,1 999,Love Republic,мульти,серый,однотонный,,трикотаж,,кнопки,,,,без подкладки,"Полиамид - 87%, Эластан - 13%"
Lamoda,https://a.lmcdn.ru/img600x866/M/P/MP002XW16YCR_25735757_1_v1_2x.jpg,MP002XW16YCR,Боди c длинным рукавом,,2 199,Tezenis,мульти,,,,бархат/велюр,,,,,,,"Полиэстер - 94%, Эластан - 6%"
Lamoda,https://a.lmcdn.ru/img600x866/M/P/MP002XW16YCR_25735758_2_v1_2x.jpg,MP002XW16YCR,Боди c длинным рукавом,,2 199,Tezenis,мульти,,,,бархат/велюр,,,,,,,"Полиэстер - 94%, Эластан - 6%"
Lamoda,https://a.lmcdn.ru/img600x866/M/P/MP002XW16YCR_25735759_3_v1_2x.jpg,MP002XW16YCR,Боди c длинным рукавом,,2 199,Tezenis,мульти,,,,бархат/велюр,,,,,,,"Полиэстер - 94%, Эластан - 6%"
Lamoda,https://a.lmcdn.ru/img600x866/M/P/MP002XW16YCR_25737720_9_v1_2x.jpg,MP002XW16YCR,Боди c длинным рукавом,,2 199,Tezenis,мульти,,,,бархат/велюр,,,,,,,"Полиэстер - 94%, Эластан - 6%"
Lamoda,https://a.lmcdn.ru/img600x866/M/P/MP002XW19Z46_21383419_1_v1_2x.jpeg,MP002XW19Z46,Боди c длинным рукавом,,1 599,Zarina,мульти,бежевый,леопардовый,,"текстиль, трикотаж",,кнопки,,,,Без подкладки,"Материал 1: 100% Полиэстер; Материал 2: 95% Полиэстер, 5% Эластан"
Lamoda,https://a.lmcdn.ru/img600x866/M/P/MP002XW19Z46_21383427_2_v1_2x.jpeg,MP002XW19Z46,Боди c длинным рукавом,,1 599,Zarina,мульти,бежевый,леопардовый,,"текстиль, трикотаж",,кнопки,,,,Без подкладки,"Материал 1: 100% Полиэстер; Материал 2: 95% Полиэстер, 5% Эластан"
Lamoda,https://a.lmcdn.ru/img600x866/M/P/MP002XW19Z46_21383435_3_v1_2x.jpeg,MP002XW19Z46,Боди c длинным рукавом,,1 599,Zarina,мульти,бежевый,леопардовый,,"текстиль, трикотаж",,кнопки,,,,Без подкладки,"Материал 1: 100% Полиэстер; Материал 2: 95% Полиэстер, 5% Эластан"
Lamoda,https://a.lmcdn.ru/img600x866/M/P/MP002XW19Z46_21383442_4_v1_2x.jpeg,MP002XW19Z46,Боди c длинным рукавом,,1 599,Zarina,мульти,бежевый,леопардовый,,"текстиль, трикотаж",,кнопки,,,,Без подкладки,"Материал 1: 100% Полиэстер; Материал 2: 95% Полиэстер, 5% Эластан"
Lamoda,https://a.lmcdn.ru/img600x866/M/P/MP002XW19Z46_21383453_5_v1_2x.jpeg,MP002XW19Z46,Боди c длинным рукавом,,1 599,Zarina,мульти,бежевый,леопардовый,,"текстиль, трикотаж",,кнопки,,,,Без подкладки,"Материал 1: 100% Полиэстер; Материал 2: 95% Полиэстер, 5% Эластан"
Lamoda,https://a.lmcdn.ru/img600x866/M/P/MP002XW19Z46_21383464_6_v1_2x.jpeg,MP002XW19Z46,Боди c длинным рукавом,,1 599,Zarina,мульти,бежевый,леопардовый,,"текстиль, трикотаж",,кнопки,,,,Без подкладки,"Материал 1: 100% Полиэстер; Материал 2: 95% Полиэстер, 5% Эластан"
Lamoda,https://a.lmcdn.ru/img600x866/M/P/MP002XW1819Q_24377562_1_v1.jpeg,MP002XW1819Q,Боди c длинным рукавом,,899,Love Republic,мульти,бежевый,однотонный,,трикотаж,,кнопки,,,,без подкладки,"Полиэстер - 95%, Эластан - 5%"
Lamoda,https://a.lmcdn.ru/img600x866/M/P/MP002XW1819Q_24377563_2_v1.jpeg,MP002XW1819Q,Боди c длинным рукавом,,899,Love Republic,мульти,бежевый,однотонный,,трикотаж,,кнопки,,,,без подкладки,"Полиэстер - 95%, Эластан - 5%"
Lamoda,https://a.lmcdn.ru/img600x866/M/P/MP002XW1819Q_24377500_3_v1.jpeg,MP002XW1819Q,Боди c длинным рукавом,,899,Love Republic,мульти,бежевый,однотонный,,трикотаж,,кнопки,,,,без подкладки,"Полиэстер - 95%, Эластан - 5%"
Lamoda,https://a.lmcdn.ru/img600x866/M/P/MP002XW1819Q_24377507_4_v1.jpeg,MP002XW1819Q,Боди c длинным рукавом,,899,Love Republic,мульти,бежевый,однотонный,,трикотаж,,кнопки,,,,без подкладки,"Полиэстер - 95%, Эластан - 5%"
Lamoda,https://a.lmcdn.ru/img600x866/M/P/MP002XW1819Q_24377518_5_v1.jpeg,MP002XW1819Q,Боди c длинным рукавом,,899,Love Republic,мульти,бежевый,однотонный,,трикотаж,,кнопки,,,,без подкладки,"Полиэстер - 95%, Эластан - 5%"
Lamoda,https://a.lmcdn.ru/img600x866/M/P/MP002XW18CRE_24665425_1_v1_2x.jpg,MP002XW18CRE,Боди c длинным рукавом,,1 000,O'STIN,мульти,,,,сетка,,,,,,,"Полиэстер - 95%, Эластан - 5%"
Lamoda,https://a.lmcdn.ru/img600x866/M/P/MP002XW18CRE_24665428_2_v1_2x.jpg,MP002XW18CRE,Боди c длинным рукавом,,1 000,O'STIN,мульти,,,,сетка,,,,,,,"Полиэстер - 95%, Эластан - 5%"
Lamoda,https://a.lmcdn.ru/img600x866/M/P/MP002XW181OG_24386213_1_v1_2x.jpeg,MP002XW181OG,Боди c длинным рукавом,,5 490,Kan-Kan,мульти,белый,,,трикотаж,,,,,,без подклада,"Вискоза - 95%, Спандекс - 5%"
Lamoda,https://a.lmcdn.ru/img600x866/M/P/MP002XW181OG_24386215_2_v1_2x.jpeg,MP002XW181OG,Боди c длинным рукавом,,5 490,Kan-Kan,мульти,белый,,,трикотаж,,,,,,без подклада,"Вискоза - 95%, Спандекс - 5%"
Lamoda,https://a.lmcdn.ru/img600x866/M/P/MP002XW181OG_24386223_3_v1_2x.jpeg,MP002XW181OG,Боди c длинным рукавом,,5 490,Kan-Kan,мульти,белый,,,трикотаж,,,,,,без подклада,"Вискоза - 95%, Спандекс - 5%"
Lamoda,https://a.lmcdn.ru/img600x866/M/P/MP002XW181OG_24386218_4_v1_2x.jpeg,MP002XW181OG,Боди c длинным рукавом,,5 490,Kan-Kan,мульти,белый,,,трикотаж,,,,,,без подклада,"Вискоза - 95%, Спандекс - 5%"
Lamoda,https://a.lmcdn.ru/img600x866/M/P/MP002XW181OG_24386210_5_v1_2x.jpeg,MP002XW181OG,Боди c длинным рукавом,,5 490,Kan-Kan,мульти,белый,,,трикотаж,,,,,,без подклада,"Вискоза - 95%, Спандекс - 5%"
Lamoda,https://a.lmcdn.ru/img600x866/M/P/MP002XW181OG_24386228_6_v1_2x.jpeg,MP002XW181OG,Боди c длинным рукавом,,5 490,Kan-Kan,мульти,белый,,,трикотаж,,,,,,без подклада,"Вискоза - 95%, Спандекс - 5%"
Lamoda,https://a.lmcdn.ru/img600x866/M/P/MP002XW18A0K_24499459_1_v1_2x.jpeg,MP002XW18A0K,Боди c длинным рукавом,,5 490,Kan-Kan,мульти,серый,,,трикотаж,,,,,,без подкладки,"Вискоза - 95%, Спандекс - 5%"
Lamoda,https://a.lmcdn.ru/img600x866/M/P/MP002XW18A0K_24499461_2_v1_2x.jpeg,MP002XW18A0K,Боди c длинным рукавом,,5 490,Kan-Kan,мульти,серый,,,трикотаж,,,,,,без подкладки,"Вискоза - 95%, Спандекс - 5%"
Lamoda,https://a.lmcdn.ru/img600x866/M/P/MP002XW18A0K_24499466_3_v1_2x.jpeg,MP002XW18A0K,Боди c длинным рукавом,,5 490,Kan-Kan,мульти,серый,,,трикотаж,,,,,,без подкладки,"Вискоза - 95%, Спандекс - 5%"
Lamoda,https://a.lmcdn.ru/img600x866/M/P/MP002XW18A0K_24499457_4_v1_2x.jpeg,MP002XW18A0K,Боди c длинным рукавом,,5 490,Kan-Kan,мульти,серый,,,трикотаж,,,,,,без подкладки,"Вискоза - 95%, Спандекс - 5%"
Lamoda,https://a.lmcdn.ru/img600x866/M/P/MP002XW18A0K_24499464_5_v1_2x.jpeg,MP002XW18A0K,Боди c длинным рукавом,,5 490,Kan-Kan,мульти,серый,,,трикотаж,,,,,,без подкладки,"Вискоза - 95%, Спандекс - 5%"
Lamoda,https://a.lmcdn.ru/img600x866/M/P/MP002XW18A0K_24499469_6_v1_2x.jpeg,MP002XW18A0K,Боди c длинным рукавом,,5 490,Kan-Kan,мульти,серый,,,трикотаж,,,,,,без подкладки,"Вискоза - 95%, Спандекс - 5%"
Lamoda,https://a.lmcdn.ru/img600x866/M/P/MP002XW0J8MS_23508391_1_v2.jpeg,MP002XW0J8MS,Боди c длинным рукавом,,6 900,Lumiere Magique,мульти,розовый,,,сетка,,,,,,"Вискоза - 95%, Лайкра - 5%",Полиэстер - 100%
Lamoda,https://a.lmcdn.ru/img600x866/M/P/MP002XW0J8MS_23508396_2_v2.jpeg,MP002XW0J8MS,Боди c длинным рукавом,,6 900,Lumiere Magique,мульти,розовый,,,сетка,,,,,,"Вискоза - 95%, Лайкра - 5%",Полиэстер - 100%
Lamoda,https://a.lmcdn.ru/img600x866/M/P/MP002XW0J8MS_23508383_3_v2.jpeg,MP002XW0J8MS,Боди c длинным рукавом,,6 900,Lumiere Magique,мульти,розовый,,,сетка,,,,,,"Вискоза - 95%, Лайкра - 5%",Полиэстер - 100%
Lamoda,https://a.lmcdn.ru/img600x866/M/P/MP002XW0J8MS_23508402_4_v2.jpeg,MP002XW0J8MS,Боди c длинным рукавом,,6 900,Lumiere Magique,мульти,розовый,,,сетка,,,,,,"Вискоза - 95%, Лайкра - 5%",Полиэстер - 100%
Lamoda,https://a.lmcdn.ru/img600x866/M/P/MP002XW0J8MS_23508387_5_v2.jpeg,MP002XW0J8MS,Боди c длинным рукавом,,6 900,Lumiere Magique,мульти,розовый,,,сетка,,,,,,"Вискоза - 95%, Лайкра - 5%",Полиэстер - 100%
Lamoda,https://a.lmcdn.ru/img600x866/M/P/MP002XW1474J_23926647_1_v2.jpg,MP002XW1474J,Боди c длинным рукавом,,1 599,Love Republic,мульти,,,,трикотаж,,,,,,,"Полиамид - 92%, Эластан - 8%"
Lamoda,https://a.lmcdn.ru/img600x866/M/P/MP002XW1474J_23926648_2_v2.jpg,MP002XW1474J,Боди c длинным рукавом,,1 599,Love Republic,мульти,,,,трикотаж,,,,,,,"Полиамид - 92%, Эластан - 8%"
Lamoda,https://a.lmcdn.ru/img600x866/M/P/MP002XW1474J_23926649_3_v2.jpg,MP002XW1474J,Боди c длинным рукавом,,1 599,Love Republic,мульти,,,,трикотаж,,,,,,,"Полиамид - 92%, Эластан - 8%"
Lamoda,https://a.lmcdn.ru/img600x866/M/P/MP002XW1474J_23981110_4_v1.jpg,MP002XW1474J,Боди c длинным рукавом,,1 599,Love Republic,мульти,,,,трикотаж,,,,,,,"Полиамид - 92%, Эластан - 8%"
Lamoda,https://a.lmcdn.ru/img600x866/M/P/MP002XW1474J_23981112_5_v1.jpg,MP002XW1474J,Боди c длинным рукавом,,1 599,Love Republic,мульти,,,,трикотаж,,,,,,,"Полиамид - 92%, Эластан - 8%"
Lamoda,https://a.lmcdn.ru/img600x866/M/P/MP002XW1819N_24377304_1_v1.jpeg,MP002XW1819N,Боди c длинным рукавом,,899,Love Republic,мульти,голубой,однотонный,,трикотаж,,кнопки,,,,без подкладки,"Полиэстер - 95%, Эластан - 5%"
Lamoda,https://a.lmcdn.ru/img600x866/M/P/MP002XW1819N_24377307_2_v1.jpeg,MP002XW1819N,Боди c длинным рукавом,,899,Love Republic,мульти,голубой,однотонный,,трикотаж,,кнопки,,,,без подкладки,"Полиэстер - 95%, Эластан - 5%"
Lamoda,https://a.lmcdn.ru/img600x866/M/P/MP002XW1819N_24377310_3_v1.jpeg,MP002XW1819N,Боди c длинным рукавом,,899,Love Republic,мульти,голубой,однотонный,,трикотаж,,кнопки,,,,без подкладки,"Полиэстер - 95%, Эластан - 5%"
Lamoda,https://a.lmcdn.ru/img600x866/M/P/MP002XW1819N_24377450_4_v1.jpeg,MP002XW1819N,Боди c длинным рукавом,,899,Love Republic,мульти,голубой,однотонный,,трикотаж,,кнопки,,,,без подкладки,"Полиэстер - 95%, Эластан - 5%"
Lamoda,https://a.lmcdn.ru/img600x866/M/P/MP002XW1819N_24377316_5_v1.jpeg,MP002XW1819N,Боди c длинным рукавом,,899,Love Republic,мульти,голубой,однотонный,,трикотаж,,кнопки,,,,без подкладки,"Полиэстер - 95%, Эластан - 5%"
Lamoda,https://a.lmcdn.ru/img600x866/M/P/MP002XW188QE_24594487_1_v1_2x.jpg,MP002XW188QE,Боди c длинным рукавом,,1 411,Gloria Jeans,мульти,,,,трикотаж,,,,,,,"Полиамид - 92%, Эластан - 8%"
Lamoda,https://a.lmcdn.ru/img600x866/M/P/MP002XW188QE_24594488_2_v1_2x.jpg,MP002XW188QE,Боди c длинным рукавом,,1 411,Gloria Jeans,мульти,,,,трикотаж,,,,,,,"Полиамид - 92%, Эластан - 8%"
Lamoda,https://a.lmcdn.ru/img600x866/M/P/MP002XW0P645_22225252_1_v2_2x.jpeg,MP002XW0P645,Боди c длинным рукавом,,2 995,Top Top,мульти,,,,трикотаж,,,,,,без подкладки,"Вискоза - 50%, Полиэстер - 50%"
Lamoda,https://a.lmcdn.ru/img600x866/M/P/MP002XW0P645_22225249_2_v2_2x.jpeg,MP002XW0P645,Боди c длинным рукавом,,2 995,Top Top,мульти,,,,трикотаж,,,,,,без подкладки,"Вискоза - 50%, Полиэстер - 50%"
Lamoda,https://a.lmcdn.ru/img600x866/M/P/MP002XW0P645_22225253_3_v2_2x.jpeg,MP002XW0P645,Боди c длинным рукавом,,2 995,Top Top,мульти,,,,трикотаж,,,,,,без подкладки,"Вискоза - 50%, Полиэстер - 50%"
Lamoda,https://a.lmcdn.ru/img600x866/M/P/MP002XW0P645_22225250_4_v2_2x.jpeg,MP002XW0P645,Боди c длинным рукавом,,2 995,Top Top,мульти,,,,трикотаж,,,,,,без подкладки,"Вискоза - 50%, Полиэстер - 50%"
Lamoda,https://a.lmcdn.ru/img600x866/M/P/MP002XW0P645_22225251_5_v2_2x.jpeg,MP002XW0P645,Боди c длинным рукавом,,2 995,Top Top,мульти,,,,трикотаж,,,,,,без подкладки,"Вискоза - 50%, Полиэстер - 50%"
Lamoda,https://a.lmcdn.ru/img600x866/M/P/MP002XW0P645_22225256_6_v2_2x.jpeg,MP002XW0P645,Боди c длинным рукавом,,2 995,Top Top,мульти,,,,трикотаж,,,,,,без подкладки,"Вискоза - 50%, Полиэстер - 50%"
Lamoda,https://a.lmcdn.ru/img600x866/M/P/MP002XW0JM3Y_20453145_1_v1_2x.jpeg,MP002XW0JM3Y,Боди,,4 050,Bona Fide,мульти,черный,однотонный,,трикотаж,,,,,,без подкладки,"Полиэстер - 92%, Эластан - 8%"
Lamoda,https://a.lmcdn.ru/img600x866/M/P/MP002XW0JM3Y_20453150_2_v1_2x.jpeg,MP002XW0JM3Y,Боди,,4 050,Bona Fide,мульти,черный,однотонный,,трикотаж,,,,,,без подкладки,"Полиэстер - 92%, Эластан - 8%"
Lamoda,https://a.lmcdn.ru/img600x866/M/P/MP002XW0JM3Y_20453157_3_v1_2x.jpeg,MP002XW0JM3Y,Боди,,4 050,Bona Fide,мульти,черный,однотонный,,трикотаж,,,,,,без подкладки,"Полиэстер - 92%, Эластан - 8%"
Lamoda,https://a.lmcdn.ru/img600x866/M/P/MP002XW0JM3Y_20453170_4_v1_2x.jpeg,MP002XW0JM3Y,Боди,,4 050,Bona Fide,мульти,черный,однотонный,,трикотаж,,,,,,без подкладки,"Полиэстер - 92%, Эластан - 8%"
Lamoda,https://a.lmcdn.ru/img600x866/M/P/MP002XW0JM3Y_20453177_5_v1_2x.jpeg,MP002XW0JM3Y,Боди,,4 050,Bona Fide,мульти,черный,однотонный,,трикотаж,,,,,,без подкладки,"Полиэстер - 92%, Эластан - 8%"
Lamoda,https://a.lmcdn.ru/img600x866/M/P/MP002XW0JM3Y_20453188_6_v1_2x.jpeg,MP002XW0JM3Y,Боди,,4 050,Bona Fide,мульти,черный,однотонный,,трикотаж,,,,,,без подкладки,"Полиэстер - 92%, Эластан - 8%"
Lamoda,https://a.lmcdn.ru/img600x866/M/P/MP002XW17BUM_24059277_1_v1.jpeg,MP002XW17BUM,Боди c длинным рукавом,,1 999,Love Republic,мульти,черный,однотонный,,трикотаж,,кнопки,,,,без подкладки,"Полиамид - 87%, Эластан - 13%"
Lamoda,https://a.lmcdn.ru/img600x866/M/P/MP002XW17BUM_24059280_2_v1.jpeg,MP002XW17BUM,Боди c длинным рукавом,,1 999,Love Republic,мульти,черный,однотонный,,трикотаж,,кнопки,,,,без подкладки,"Полиамид - 87%, Эластан - 13%"
Lamoda,https://a.lmcdn.ru/img600x866/M/P/MP002XW17BUM_24059284_3_v1.jpeg,MP002XW17BUM,Боди c длинным рукавом,,1 999,Love Republic,мульти,черный,однотонный,,трикотаж,,кнопки,,,,без подкладки,"Полиамид - 87%, Эластан - 13%"
Lamoda,https://a.lmcdn.ru/img600x866/M/P/MP002XW17BUM_24059286_4_v1.jpeg,MP002XW17BUM,Боди c длинным рукавом,,1 999,Love Republic,мульти,черный,однотонный,,трикотаж,,кнопки,,,,без подкладки,"Полиамид - 87%, Эластан - 13%"
Lamoda,https://a.lmcdn.ru/img600x866/M/P/MP002XW17BUM_24059288_5_v1.jpeg,MP002XW17BUM,Боди c длинным рукавом,,1 999,Love Republic,мульти,черный,однотонный,,трикотаж,,кнопки,,,,без подкладки,"Полиамид - 87%, Эластан - 13%"
Lamoda,https://a.lmcdn.ru/img600x866/M/P/MP002XW00BRK_23648569_1_v1.jpeg,MP002XW00BRK,Боди с коротким рукавом,,799,Love Republic,мульти,коричневый,однотонный,,трикотаж,,кнопки,,,,"Полиэстер - 80%, Эластан - 20%","Полиэстер - 80%, Эластан - 20%"
Lamoda,https://a.lmcdn.ru/img600x866/M/P/MP002XW00BRK_23648577_2_v1.jpeg,MP002XW00BRK,Боди с коротким рукавом,,799,Love Republic,мульти,коричневый,однотонный,,трикотаж,,кнопки,,,,"Полиэстер - 80%, Эластан - 20%","Полиэстер - 80%, Эластан - 20%"
Lamoda,https://a.lmcdn.ru/img600x866/M/P/MP002XW00BRK_23648586_3_v1.jpeg,MP002XW00BRK,Боди с коротким рукавом,,799,Love Republic,мульти,коричневый,однотонный,,трикотаж,,кнопки,,,,"Полиэстер - 80%, Эластан - 20%","Полиэстер - 80%, Эластан - 20%"
Lamoda,https://a.lmcdn.ru/img600x866/M/P/MP002XW00BRK_23648596_4_v1.jpeg,MP002XW00BRK,Боди с коротким рукавом,,799,Love Republic,мульти,коричневый,однотонный,,трикотаж,,кнопки,,,,"Полиэстер - 80%, Эластан - 20%","Полиэстер - 80%, Эластан - 20%"
Lamoda,https://a.lmcdn.ru/img600x866/M/P/MP002XW00BRK_23648605_5_v1.jpeg,MP002XW00BRK,Боди с коротким рукавом,,799,Love Republic,мульти,коричневый,однотонный,,трикотаж,,кнопки,,,,"Полиэстер - 80%, Эластан - 20%","Полиэстер - 80%, Эластан - 20%"
Lamoda,https://a.lmcdn.ru/img600x866/M/P/MP002XW17BUC_24059249_1_v1.jpeg,MP002XW17BUC,Боди c длинным рукавом,,1 699,Love Republic,мульти,красный,однотонный,,трикотаж,,кнопки,,,,без подкладки,"Полиамид - 87%, Эластан - 13%"
Lamoda,https://a.lmcdn.ru/img600x866/M/P/MP002XW17BUC_24059258_2_v1.jpeg,MP002XW17BUC,Боди c длинным рукавом,,1 699,Love Republic,мульти,красный,однотонный,,трикотаж,,кнопки,,,,без подкладки,"Полиамид - 87%, Эластан - 13%"
Lamoda,https://a.lmcdn.ru/img600x866/M/P/MP002XW17BUC_24059138_3_v1.jpeg,MP002XW17BUC,Боди c длинным рукавом,,1 699,Love Republic,мульти,красный,однотонный,,трикотаж,,кнопки,,,,без подкладки,"Полиамид - 87%, Эластан - 13%"
Lamoda,https://a.lmcdn.ru/img600x866/M/P/MP002XW17BUC_24059148_4_v1.jpeg,MP002XW17BUC,Боди c длинным рукавом,,1 699,Love Republic,мульти,красный,однотонный,,трикотаж,,кнопки,,,,без подкладки,"Полиамид - 87%, Эластан - 13%"
Lamoda,https://a.lmcdn.ru/img600x866/M/P/MP002XW17BUC_24059157_5_v1.jpeg,MP002XW17BUC,Боди c длинным рукавом,,1 699,Love Republic,мульти,красный,однотонный,,трикотаж,,кнопки,,,,без подкладки,"Полиамид - 87%, Эластан - 13%"
Lamoda,https://a.lmcdn.ru/img600x866/M/P/MP002XW01OIS_20133053_1_v2_2x.jpg,MP002XW01OIS,Боди c длинным рукавом,,3 700,Family Band,мульти,черный,,,трикотаж,,,,,,"Хлопок - 92%, Эластан - 8%","Хлопок - 92%, Эластан - 8%"
Lamoda,https://a.lmcdn.ru/img600x866/M/P/MP002XW01OIS_20133054_2_v2_2x.jpg,MP002XW01OIS,Боди c длинным рукавом,,3 700,Family Band,мульти,черный,,,трикотаж,,,,,,"Хлопок - 92%, Эластан - 8%","Хлопок - 92%, Эластан - 8%"
Lamoda,https://a.lmcdn.ru/img600x866/M/P/MP002XW01OIS_20133055_3_v2_2x.jpg,MP002XW01OIS,Боди c длинным рукавом,,3 700,Family Band,мульти,черный,,,трикотаж,,,,,,"Хлопок - 92%, Эластан - 8%","Хлопок - 92%, Эластан - 8%"
Lamoda,https://a.lmcdn.ru/img600x866/M/P/MP002XW01OIS_20166402_9_v1.jpg,MP002XW01OIS,Боди c длинным рукавом,,3 700,Family Band,мульти,черный,,,трикотаж,,,,,,"Хлопок - 92%, Эластан - 8%","Хлопок - 92%, Эластан - 8%"
Lamoda,https://a.lmcdn.ru/img600x866/M/P/MP002XW0ZMGN_24866045_1_v1.png,MP002XW0ZMGN,Боди c длинным рукавом,,5 900,Lumiere Magique,мульти,черный,,,сетка,,,,,,без подкладки,Полиэстер - 100%
Lamoda,https://a.lmcdn.ru/img600x866/M/P/MP002XW0ZMGN_24866052_2_v1.png,MP002XW0ZMGN,Боди c длинным рукавом,,5 900,Lumiere Magique,мульти,черный,,,сетка,,,,,,без подкладки,Полиэстер - 100%
Lamoda,https://a.lmcdn.ru/img600x866/M/P/MP002XW0ZMGN_24866078_3_v1.png,MP002XW0ZMGN,Боди c длинным рукавом,,5 900,Lumiere Magique,мульти,черный,,,сетка,,,,,,без подкладки,Полиэстер - 100%
Lamoda,https://a.lmcdn.ru/img600x866/M/P/MP002XW0ZMGN_24866049_4_v1.png,MP002XW0ZMGN,Боди c длинным рукавом,,5 900,Lumiere Magique,мульти,черный,,,сетка,,,,,,без подкладки,Полиэстер - 100%
Lamoda,https://a.lmcdn.ru/img600x866/M/P/MP002XW0ZMGN_24866056_5_v1.png,MP002XW0ZMGN,Боди c длинным рукавом,,5 900,Lumiere Magique,мульти,черный,,,сетка,,,,,,без подкладки,Полиэстер - 100%
Lamoda,https://a.lmcdn.ru/img600x866/M/P/MP002XW0ZMGN_24866060_6_v1.png,MP002XW0ZMGN,Боди c длинным рукавом,,5 900,Lumiere Magique,мульти,черный,,,сетка,,,,,,без подкладки,Полиэстер - 100%
Lamoda,https://a.lmcdn.ru/img600x866/M/P/MP002XW0INOL_25376907_1_v1_2x.jpeg,MP002XW0INOL,Боди c длинным рукавом,,959,Твое,мульти,черный,,,трикотаж,,,,,,без подкладки,"Вискоза - 92%, Эластан - 8%"
Lamoda,https://a.lmcdn.ru/img600x866/M/P/MP002XW0INOL_25376918_2_v1_2x.jpeg,MP002XW0INOL,Боди c длинным рукавом,,959,Твое,мульти,черный,,,трикотаж,,,,,,без подкладки,"Вискоза - 92%, Эластан - 8%"
Lamoda,https://a.lmcdn.ru/img600x866/M/P/MP002XW0INOL_25376913_3_v1_2x.jpeg,MP002XW0INOL,Боди c длинным рукавом,,959,Твое,мульти,черный,,,трикотаж,,,,,,без подкладки,"Вискоза - 92%, Эластан - 8%"
Lamoda,https://a.lmcdn.ru/img600x866/M/P/MP002XW0INOL_25376901_4_v1_2x.jpeg,MP002XW0INOL,Боди c длинным рукавом,,959,Твое,мульти,черный,,,трикотаж,,,,,,без подкладки,"Вискоза - 92%, Эластан - 8%"
Lamoda,https://a.lmcdn.ru/img600x866/M/P/MP002XW0INOL_25376889_5_v1_2x.jpeg,MP002XW0INOL,Боди c длинным рукавом,,959,Твое,мульти,черный,,,трикотаж,,,,,,без подкладки,"Вискоза - 92%, Эластан - 8%"
Lamoda,https://a.lmcdn.ru/img600x866/M/P/MP002XW0INOL_25376894_6_v1_2x.jpeg,MP002XW0INOL,Боди c длинным рукавом,,959,Твое,мульти,черный,,,трикотаж,,,,,,без подкладки,"Вискоза - 92%, Эластан - 8%"
Lamoda,https://a.lmcdn.ru/img600x866/M/P/MP002XW0FHFU_24800381_1_v1_2x.jpg,MP002XW0FHFU,Боди c длинным рукавом,,1 599,Face Code,мульти,,,,трикотаж,,,,,,,"Хлопок - 48%, Модал - 44%, Эластан - 8%"
Lamoda,https://a.lmcdn.ru/img600x866/M/P/MP002XW0FHFU_24800382_2_v1_2x.jpg,MP002XW0FHFU,Боди c длинным рукавом,,1 599,Face Code,мульти,,,,трикотаж,,,,,,,"Хлопок - 48%, Модал - 44%, Эластан - 8%"
Lamoda,https://a.lmcdn.ru/img600x866/M/P/MP002XW18D6E_24533733_1_v1.jpeg,MP002XW18D6E,Боди c длинным рукавом,,999,Terranova,мульти,красный,однотонный,,трикотаж,,кнопки,,,,без подкладки,"95% Полиэстер, 5% Эластан"
Lamoda,https://a.lmcdn.ru/img600x866/M/P/MP002XW18D6E_24533732_2_v1.jpeg,MP002XW18D6E,Боди c длинным рукавом,,999,Terranova,мульти,красный,однотонный,,трикотаж,,кнопки,,,,без подкладки,"95% Полиэстер, 5% Эластан"
Lamoda,https://a.lmcdn.ru/img600x866/M/P/MP002XW01GGU_22938153_1_v1_2x.jpeg,MP002XW01GGU,Боди c длинным рукавом,,1 099,Твое,мульти,белый,цветочный,,трикотаж,,кнопки,,,,без подкладки,"Хлопок - 93%, Эластан - 7%"
Lamoda,https://a.lmcdn.ru/img600x866/M/P/MP002XW01GGU_22938663_2_v1_2x.jpeg,MP002XW01GGU,Боди c длинным рукавом,,1 099,Твое,мульти,белый,цветочный,,трикотаж,,кнопки,,,,без подкладки,"Хлопок - 93%, Эластан - 7%"
Lamoda,https://a.lmcdn.ru/img600x866/M/P/MP002XW01GGU_22938666_3_v1_2x.jpeg,MP002XW01GGU,Боди c длинным рукавом,,1 099,Твое,мульти,белый,цветочный,,трикотаж,,кнопки,,,,без подкладки,"Хлопок - 93%, Эластан - 7%"
Lamoda,https://a.lmcdn.ru/img600x866/M/P/MP002XW01GGU_22938670_4_v1_2x.jpeg,MP002XW01GGU,Боди c длинным рукавом,,1 099,Твое,мульти,белый,цветочный,,трикотаж,,кнопки,,,,без подкладки,"Хлопок - 93%, Эластан - 7%"
Lamoda,https://a.lmcdn.ru/img600x866/M/P/MP002XW01GGU_22938674_5_v1_2x.jpeg,MP002XW01GGU,Боди c длинным рукавом,,1 099,Твое,мульти,белый,цветочный,,трикотаж,,кнопки,,,,без подкладки,"Хлопок - 93%, Эластан - 7%"
Lamoda,https://a.lmcdn.ru/img600x866/M/P/MP002XW01GGU_22938676_6_v1_2x.jpeg,MP002XW01GGU,Боди c длинным рукавом,,1 099,Твое,мульти,белый,цветочный,,трикотаж,,кнопки,,,,без подкладки,"Хлопок - 93%, Эластан - 7%"
Lamoda,https://a.lmcdn.ru/img600x866/M/P/MP002XW0Q164_22603584_1_v1_2x.jpeg,MP002XW0Q164,Боди c длинным рукавом,,4 390,Embody,мульти,,,,трикотаж,,,,,,без подкладки,"Вискоза - 95%, Эластан - 5%"
Lamoda,https://a.lmcdn.ru/img600x866/M/P/MP002XW0Q164_22603588_2_v1_2x.jpeg,MP002XW0Q164,Боди c длинным рукавом,,4 390,Embody,мульти,,,,трикотаж,,,,,,без подкладки,"Вискоза - 95%, Эластан - 5%"
Lamoda,https://a.lmcdn.ru/img600x866/M/P/MP002XW0Q164_22603602_3_v1_2x.jpeg,MP002XW0Q164,Боди c длинным рукавом,,4 390,Embody,мульти,,,,трикотаж,,,,,,без подкладки,"Вискоза - 95%, Эластан - 5%"
Lamoda,https://a.lmcdn.ru/img600x866/M/P/MP002XW0Q164_22603592_4_v1_2x.jpeg,MP002XW0Q164,Боди c длинным рукавом,,4 390,Embody,мульти,,,,трикотаж,,,,,,без подкладки,"Вискоза - 95%, Эластан - 5%"
Lamoda,https://a.lmcdn.ru/img600x866/M/P/MP002XW0Q164_22603593_5_v1_2x.jpeg,MP002XW0Q164,Боди c длинным рукавом,,4 390,Embody,мульти,,,,трикотаж,,,,,,без подкладки,"Вискоза - 95%, Эластан - 5%"
Lamoda,https://a.lmcdn.ru/img600x866/M/P/MP002XW0Q164_22603594_6_v1_2x.jpeg,MP002XW0Q164,Боди c длинным рукавом,,4 390,Embody,мульти,,,,трикотаж,,,,,,без подкладки,"Вискоза - 95%, Эластан - 5%"
Lamoda,https://a.lmcdn.ru/img600x866/M/P/MP002XW00BR5_23648550_1_v1.jpeg,MP002XW00BR5,Боди с коротким рукавом,,799,Love Republic,мульти,зеленый,однотонный,,трикотаж,,кнопки,,,,"Полиэстер - 80%, Эластан - 20%","Полиэстер - 80%, Эластан - 20%"
Lamoda,https://a.lmcdn.ru/img600x866/M/P/MP002XW00BR5_23648561_2_v1.jpeg,MP002XW00BR5,Боди с коротким рукавом,,799,Love Republic,мульти,зеленый,однотонный,,трикотаж,,кнопки,,,,"Полиэстер - 80%, Эластан - 20%","Полиэстер - 80%, Эластан - 20%"
Lamoda,https://a.lmcdn.ru/img600x866/M/P/MP002XW00BR5_23648572_3_v1.jpeg,MP002XW00BR5,Боди с коротким рукавом,,799,Love Republic,мульти,зеленый,однотонный,,трикотаж,,кнопки,,,,"Полиэстер - 80%, Эластан - 20%","Полиэстер - 80%, Эластан - 20%"
Lamoda,https://a.lmcdn.ru/img600x866/M/P/MP002XW00BR5_23648583_4_v1.jpeg,MP002XW00BR5,Боди с коротким рукавом,,799,Love Republic,мульти,зеленый,однотонный,,трикотаж,,кнопки,,,,"Полиэстер - 80%, Эластан - 20%","Полиэстер - 80%, Эластан - 20%"
Lamoda,https://a.lmcdn.ru/img600x866/M/P/MP002XW00BR5_23648590_5_v1.jpeg,MP002XW00BR5,Боди с коротким рукавом,,799,Love Republic,мульти,зеленый,однотонный,,трикотаж,,кнопки,,,,"Полиэстер - 80%, Эластан - 20%","Полиэстер - 80%, Эластан - 20%"
Lamoda,https://a.lmcdn.ru/img600x866/R/T/RTLADV257301_24891586_1_v1.jpg,RTLADV257301,Боди с коротким рукавом,,3 705,Morgan,мульти,черный,однотонный,,трикотаж,,кнопки,кружево,,,,"Вискоза - 95%, Эластан - 5%"
Lamoda,https://a.lmcdn.ru/img600x866/R/T/RTLADV257301_24891587_2_v1.jpg,RTLADV257301,Боди с коротким рукавом,,3 705,Morgan,мульти,черный,однотонный,,трикотаж,,кнопки,кружево,,,,"Вискоза - 95%, Эластан - 5%"
Lamoda,https://a.lmcdn.ru/img600x866/R/T/RTLADV257301_24891588_3_v1.jpg,RTLADV257301,Боди с коротким рукавом,,3 705,Morgan,мульти,черный,однотонный,,трикотаж,,кнопки,кружево,,,,"Вискоза - 95%, Эластан - 5%"
Lamoda,https://a.lmcdn.ru/img600x866/R/T/RTLADV257301_24891589_4_v1.jpg,RTLADV257301,Боди с коротким рукавом,,3 705,Morgan,мульти,черный,однотонный,,трикотаж,,кнопки,кружево,,,,"Вискоза - 95%, Эластан - 5%"
Lamoda,https://a.lmcdn.ru/img600x866/R/T/RTLADV257301_24891590_5_v1.jpg,RTLADV257301,Боди с коротким рукавом,,3 705,Morgan,мульти,черный,однотонный,,трикотаж,,кнопки,кружево,,,,"Вискоза - 95%, Эластан - 5%"
Lamoda,https://a.lmcdn.ru/img600x866/R/T/RTLADV257301_24891591_6_v1.jpg,RTLADV257301,Боди с коротким рукавом,,3 705,Morgan,мульти,черный,однотонный,,трикотаж,,кнопки,кружево,,,,"Вискоза - 95%, Эластан - 5%"
Lamoda,https://a.lmcdn.ru/img600x866/M/P/MP002XW1492N_23825088_1_v1.jpeg,MP002XW1492N,Боди c длинным рукавом,,3 999,Love Republic,мульти,коричневый,однотонный,,трикотаж,,кнопки,,,,без подкладки,"Полиамид - 92%, Эластан - 8%"
Lamoda,https://a.lmcdn.ru/img600x866/M/P/MP002XW1492N_23825090_2_v1.jpeg,MP002XW1492N,Боди c длинным рукавом,,3 999,Love Republic,мульти,коричневый,однотонный,,трикотаж,,кнопки,,,,без подкладки,"Полиамид - 92%, Эластан - 8%"
Lamoda,https://a.lmcdn.ru/img600x866/M/P/MP002XW1492N_23825092_3_v1.jpeg,MP002XW1492N,Боди c длинным рукавом,,3 999,Love Republic,мульти,коричневый,однотонный,,трикотаж,,кнопки,,,,без подкладки,"Полиамид - 92%, Эластан - 8%"
Lamoda,https://a.lmcdn.ru/img600x866/M/P/MP002XW1492N_23825094_4_v1.jpeg,MP002XW1492N,Боди c длинным рукавом,,3 999,Love Republic,мульти,коричневый,однотонный,,трикотаж,,кнопки,,,,без подкладки,"Полиамид - 92%, Эластан - 8%"
Lamoda,https://a.lmcdn.ru/img600x866/M/P/MP002XW1492N_23825095_5_v1.jpeg,MP002XW1492N,Боди c длинным рукавом,,3 999,Love Republic,мульти,коричневый,однотонный,,трикотаж,,кнопки,,,,без подкладки,"Полиамид - 92%, Эластан - 8%"
Lamoda,https://a.lmcdn.ru/img600x866/M/P/MP002XW147EM_23813230_1_v1.jpeg,MP002XW147EM,Боди c длинным рукавом,,2 999,Love Republic,мульти,черный,однотонный,,трикотаж,,"кнопки, молния",,,,без подкладки,"Полиамид - 92%, Эластан - 8%"
Lamoda,https://a.lmcdn.ru/img600x866/M/P/MP002XW147EM_23813235_2_v1.jpeg,MP002XW147EM,Боди c длинным рукавом,,2 999,Love Republic,мульти,черный,однотонный,,трикотаж,,"кнопки, молния",,,,без подкладки,"Полиамид - 92%, Эластан - 8%"
Lamoda,https://a.lmcdn.ru/img600x866/M/P/MP002XW147EM_23813238_3_v1.jpeg,MP002XW147EM,Боди c длинным рукавом,,2 999,Love Republic,мульти,черный,однотонный,,трикотаж,,"кнопки, молния",,,,без подкладки,"Полиамид - 92%, Эластан - 8%"
Lamoda,https://a.lmcdn.ru/img600x866/M/P/MP002XW147EM_23813242_4_v1.jpeg,MP002XW147EM,Боди c длинным рукавом,,2 999,Love Republic,мульти,черный,однотонный,,трикотаж,,"кнопки, молния",,,,без подкладки,"Полиамид - 92%, Эластан - 8%"
Lamoda,https://a.lmcdn.ru/img600x866/M/P/MP002XW147EM_23813248_5_v1.jpeg,MP002XW147EM,Боди c длинным рукавом,,2 999,Love Republic,мульти,черный,однотонный,,трикотаж,,"кнопки, молния",,,,без подкладки,"Полиамид - 92%, Эластан - 8%"
Lamoda,https://a.lmcdn.ru/img600x866/M/P/MP002XW0JA7I_23576207_1_v2_2x.jpg,MP002XW0JA7I,Боди с коротким рукавом,,999,O'STIN,мульти,серебряный,,,трикотаж,,,,,,,"Полиэстер - 96%, Эластан - 4%"
Lamoda,https://a.lmcdn.ru/img600x866/M/P/MP002XW0JA7I_23576208_2_v2_2x.jpg,MP002XW0JA7I,Боди с коротким рукавом,,999,O'STIN,мульти,серебряный,,,трикотаж,,,,,,,"Полиэстер - 96%, Эластан - 4%"
Lamoda,https://a.lmcdn.ru/img600x866/M/P/MP002XW0O7BN_19043927_1_v3_2x.jpeg,MP002XW0O7BN,Боди c длинным рукавом,,3 990,Top Top,мульти,,,,трикотаж,,,,,,без подкладки,"Вискоза - 92%, Лайкра - 8%"
Lamoda,https://a.lmcdn.ru/img600x866/M/P/MP002XW0O7BN_19043925_2_v3_2x.jpeg,MP002XW0O7BN,Боди c длинным рукавом,,3 990,Top Top,мульти,,,,трикотаж,,,,,,без подкладки,"Вискоза - 92%, Лайкра - 8%"
Lamoda,https://a.lmcdn.ru/img600x866/M/P/MP002XW0O7BN_19043926_3_v3_2x.jpeg,MP002XW0O7BN,Боди c длинным рукавом,,3 990,Top Top,мульти,,,,трикотаж,,,,,,без подкладки,"Вискоза - 92%, Лайкра - 8%"
Lamoda,https://a.lmcdn.ru/img600x866/M/P/MP002XW0O7BN_19043928_4_v3_2x.jpeg,MP002XW0O7BN,Боди c длинным рукавом,,3 990,Top Top,мульти,,,,трикотаж,,,,,,без подкладки,"Вискоза - 92%, Лайкра - 8%"
Lamoda,https://a.lmcdn.ru/img600x866/M/P/MP002XW0O7BN_21938895_5_v2_2x.jpeg,MP002XW0O7BN,Боди c длинным рукавом,,3 990,Top Top,мульти,,,,трикотаж,,,,,,без подкладки,"Вискоза - 92%, Лайкра - 8%"
Lamoda,https://a.lmcdn.ru/img600x866/M/P/MP002XW0O7BN_21938894_6_v2_2x.jpeg,MP002XW0O7BN,Боди c длинным рукавом,,3 990,Top Top,мульти,,,,трикотаж,,,,,,без подкладки,"Вискоза - 92%, Лайкра - 8%"
Lamoda,https://a.lmcdn.ru/img600x866/R/T/RTLADU305601_24701068_1_v1.jpg,RTLADU305601,Боди c длинным рукавом,,2 565,Morgan,мульти,черный,однотонный,,сетка,,кнопки,"кружево, прозрачность",,,,"Вискоза - 95%, Эластан - 5%"
Lamoda,https://a.lmcdn.ru/img600x866/R/T/RTLADU305601_24701077_2_v1.jpg,RTLADU305601,Боди c длинным рукавом,,2 565,Morgan,мульти,черный,однотонный,,сетка,,кнопки,"кружево, прозрачность",,,,"Вискоза - 95%, Эластан - 5%"
Lamoda,https://a.lmcdn.ru/img600x866/R/T/RTLADU305601_24701079_3_v1.jpg,RTLADU305601,Боди c длинным рукавом,,2 565,Morgan,мульти,черный,однотонный,,сетка,,кнопки,"кружево, прозрачность",,,,"Вискоза - 95%, Эластан - 5%"
Lamoda,https://a.lmcdn.ru/img600x866/R/T/RTLADU305601_24701085_4_v1.jpg,RTLADU305601,Боди c длинным рукавом,,2 565,Morgan,мульти,черный,однотонный,,сетка,,кнопки,"кружево, прозрачность",,,,"Вискоза - 95%, Эластан - 5%"
Lamoda,https://a.lmcdn.ru/img600x866/M/P/MP002XW17LIK_24357174_1_v1_2x.jpg,MP002XW17LIK,Боди с коротким рукавом,,799,Terranova,мульти,,,,трикотаж,,,,,,Полиэстер - 100%,"Полиэстер - 93%, Эластан - 4%, Металлизированное волокно - 3%"
Lamoda,https://a.lmcdn.ru/img600x866/M/P/MP002XW17LIK_24357175_2_v1_2x.jpg,MP002XW17LIK,Боди с коротким рукавом,,799,Terranova,мульти,,,,трикотаж,,,,,,Полиэстер - 100%,"Полиэстер - 93%, Эластан - 4%, Металлизированное волокно - 3%"
Lamoda,https://a.lmcdn.ru/img600x866/M/P/MP002XW17LIK_24357176_3_v1_2x.jpg,MP002XW17LIK,Боди с коротким рукавом,,799,Terranova,мульти,,,,трикотаж,,,,,,Полиэстер - 100%,"Полиэстер - 93%, Эластан - 4%, Металлизированное волокно - 3%"
Lamoda,https://a.lmcdn.ru/img600x866/M/P/MP002XW17LIK_24333026_9_v1.jpg,MP002XW17LIK,Боди с коротким рукавом,,799,Terranova,мульти,,,,трикотаж,,,,,,Полиэстер - 100%,"Полиэстер - 93%, Эластан - 4%, Металлизированное волокно - 3%"
Lamoda,https://a.lmcdn.ru/img600x866/M/P/MP002XW13DL1_24797046_1_v1_2x.jpg,MP002XW13DL1,Боди c длинным рукавом,,1 599,Face Code,мульти,,,,трикотаж,,,,,,,"Хлопок - 48%, Модал - 44%, Эластан - 8%"
Lamoda,https://a.lmcdn.ru/img600x866/M/P/MP002XW13DL1_24797047_2_v1_2x.jpg,MP002XW13DL1,Боди c длинным рукавом,,1 599,Face Code,мульти,,,,трикотаж,,,,,,,"Хлопок - 48%, Модал - 44%, Эластан - 8%"
Lamoda,https://a.lmcdn.ru/img600x866/M/P/MP002XW0ZNHZ_24867687_1_v1_2x.jpeg,MP002XW0ZNHZ,Боди c длинным рукавом,,1 599,Zarina,мульти,черный,однотонный,,трикотаж,,без застежки,,,,без подкладки,"91% Полиэстер, 9% Эластан"
Lamoda,https://a.lmcdn.ru/img600x866/M/P/MP002XW0ZNHZ_24867945_2_v1_2x.jpeg,MP002XW0ZNHZ,Боди c длинным рукавом,,1 599,Zarina,мульти,черный,однотонный,,трикотаж,,без застежки,,,,без подкладки,"91% Полиэстер, 9% Эластан"
Lamoda,https://a.lmcdn.ru/img600x866/M/P/MP002XW0ZNHZ_24867692_3_v1_2x.jpeg,MP002XW0ZNHZ,Боди c длинным рукавом,,1 599,Zarina,мульти,черный,однотонный,,трикотаж,,без застежки,,,,без подкладки,"91% Полиэстер, 9% Эластан"
Lamoda,https://a.lmcdn.ru/img600x866/M/P/MP002XW0ZNHZ_24867677_4_v1_2x.jpeg,MP002XW0ZNHZ,Боди c длинным рукавом,,1 599,Zarina,мульти,черный,однотонный,,трикотаж,,без застежки,,,,без подкладки,"91% Полиэстер, 9% Эластан"
Lamoda,https://a.lmcdn.ru/img600x866/M/P/MP002XW0ZNHZ_24867681_5_v1_2x.jpeg,MP002XW0ZNHZ,Боди c длинным рукавом,,1 599,Zarina,мульти,черный,однотонный,,трикотаж,,без застежки,,,,без подкладки,"91% Полиэстер, 9% Эластан"
Lamoda,https://a.lmcdn.ru/img600x866/M/P/MP002XW0ZNHZ_24867660_6_v1_2x.jpeg,MP002XW0ZNHZ,Боди c длинным рукавом,,1 599,Zarina,мульти,черный,однотонный,,трикотаж,,без застежки,,,,без подкладки,"91% Полиэстер, 9% Эластан"
Lamoda,https://a.lmcdn.ru/img600x866/M/P/MP002XW1CRCO_25402176_1_v1_2x.jpg,MP002XW1CRCO,Боди c длинным рукавом,,1 599,Calliope,мульти,,,,трикотаж,,,,,,,"Вискоза - 48%, Полиэстер - 28%, Полиамид - 24%"
Lamoda,https://a.lmcdn.ru/img600x866/M/P/MP002XW1CRCO_25402177_2_v1_2x.jpg,MP002XW1CRCO,Боди c длинным рукавом,,1 599,Calliope,мульти,,,,трикотаж,,,,,,,"Вискоза - 48%, Полиэстер - 28%, Полиамид - 24%"
Lamoda,https://a.lmcdn.ru/img600x866/M/P/MP002XW1CRCO_25402178_3_v1_2x.jpg,MP002XW1CRCO,Боди c длинным рукавом,,1 599,Calliope,мульти,,,,трикотаж,,,,,,,"Вискоза - 48%, Полиэстер - 28%, Полиамид - 24%"
Lamoda,https://a.lmcdn.ru/img600x866/M/P/MP002XW1CRCO_25414460_9_v1.jpg,MP002XW1CRCO,Боди c длинным рукавом,,1 599,Calliope,мульти,,,,трикотаж,,,,,,,"Вискоза - 48%, Полиэстер - 28%, Полиамид - 24%"
Lamoda,https://a.lmcdn.ru/img600x866/M/P/MP002XW147EI_23813284_1_v1.jpeg,MP002XW147EI,Боди c длинным рукавом,,1 799,Love Republic,мульти,розовый,однотонный,,трикотаж,,"кнопки, молния",,,,без подкладки,"Полиамид - 92%, Эластан - 8%"
Lamoda,https://a.lmcdn.ru/img600x866/M/P/MP002XW147EI_23813288_2_v1.jpeg,MP002XW147EI,Боди c длинным рукавом,,1 799,Love Republic,мульти,розовый,однотонный,,трикотаж,,"кнопки, молния",,,,без подкладки,"Полиамид - 92%, Эластан - 8%"
Lamoda,https://a.lmcdn.ru/img600x866/M/P/MP002XW147EI_23813291_3_v1.jpeg,MP002XW147EI,Боди c длинным рукавом,,1 799,Love Republic,мульти,розовый,однотонный,,трикотаж,,"кнопки, молния",,,,без подкладки,"Полиамид - 92%, Эластан - 8%"
Lamoda,https://a.lmcdn.ru/img600x866/M/P/MP002XW147EI_23813295_4_v1.jpeg,MP002XW147EI,Боди c длинным рукавом,,1 799,Love Republic,мульти,розовый,однотонный,,трикотаж,,"кнопки, молния",,,,без подкладки,"Полиамид - 92%, Эластан - 8%"
Lamoda,https://a.lmcdn.ru/img600x866/M/P/MP002XW147EI_23813298_5_v1.jpeg,MP002XW147EI,Боди c длинным рукавом,,1 799,Love Republic,мульти,розовый,однотонный,,трикотаж,,"кнопки, молния",,,,без подкладки,"Полиамид - 92%, Эластан - 8%"
Lamoda,https://a.lmcdn.ru/img600x866/M/P/MP002XW0INOE_25376761_1_v1_2x.jpeg,MP002XW0INOE,Боди c длинным рукавом,,1 459,Твое,мульти,зеленый,,,трикотаж,,,,,,без подкладки,"Вискоза - 91%, Эластан - 9%"
Lamoda,https://a.lmcdn.ru/img600x866/M/P/MP002XW0INOE_25376787_2_v1_2x.jpeg,MP002XW0INOE,Боди c длинным рукавом,,1 459,Твое,мульти,зеленый,,,трикотаж,,,,,,без подкладки,"Вискоза - 91%, Эластан - 9%"
Lamoda,https://a.lmcdn.ru/img600x866/M/P/MP002XW0INOE_25376781_3_v1_2x.jpeg,MP002XW0INOE,Боди c длинным рукавом,,1 459,Твое,мульти,зеленый,,,трикотаж,,,,,,без подкладки,"Вискоза - 91%, Эластан - 9%"
Lamoda,https://a.lmcdn.ru/img600x866/M/P/MP002XW0INOE_25376768_4_v1_2x.jpeg,MP002XW0INOE,Боди c длинным рукавом,,1 459,Твое,мульти,зеленый,,,трикотаж,,,,,,без подкладки,"Вискоза - 91%, Эластан - 9%"
Lamoda,https://a.lmcdn.ru/img600x866/M/P/MP002XW0INOE_25376741_5_v1_2x.jpeg,MP002XW0INOE,Боди c длинным рукавом,,1 459,Твое,мульти,зеленый,,,трикотаж,,,,,,без подкладки,"Вискоза - 91%, Эластан - 9%"
Lamoda,https://a.lmcdn.ru/img600x866/M/P/MP002XW0INOE_25376753_6_v1_2x.jpeg,MP002XW0INOE,Боди c длинным рукавом,,1 459,Твое,мульти,зеленый,,,трикотаж,,,,,,без подкладки,"Вискоза - 91%, Эластан - 9%"
Lamoda,https://a.lmcdn.ru/img600x866/M/P/MP002XW0DA2Y_25412935_1_v1_2x.jpg,MP002XW0DA2Y,Боди c длинным рукавом,,1 299,Calliope,зима,,,,трикотаж,,,,,,,"Полиамид - 85%, Эластан - 15%"
Lamoda,https://a.lmcdn.ru/img600x866/M/P/MP002XW0DA2Y_25412936_2_v1_2x.jpg,MP002XW0DA2Y,Боди c длинным рукавом,,1 299,Calliope,зима,,,,трикотаж,,,,,,,"Полиамид - 85%, Эластан - 15%"
Lamoda,https://a.lmcdn.ru/img600x866/M/P/MP002XW0DA2Y_25412937_3_v1_2x.jpg,MP002XW0DA2Y,Боди c длинным рукавом,,1 299,Calliope,зима,,,,трикотаж,,,,,,,"Полиамид - 85%, Эластан - 15%"
Lamoda,https://a.lmcdn.ru/img600x866/M/P/MP002XW0DA2Y_25458440_9_v1.jpg,MP002XW0DA2Y,Боди c длинным рукавом,,1 299,Calliope,зима,,,,трикотаж,,,,,,,"Полиамид - 85%, Эластан - 15%"
Lamoda,https://a.lmcdn.ru/img600x866/M/P/MP002XW17S3C_24289985_1_v1.jpeg,MP002XW17S3C,Боди c длинным рукавом,,3 990,Zavi,мульти,белый,однотонный,,трикотаж,,крючки,,,,без подкладки,"Хлопок - 95%, Эластан - 5%"
Lamoda,https://a.lmcdn.ru/img600x866/M/P/MP002XW17S3C_24289992_2_v1.jpeg,MP002XW17S3C,Боди c длинным рукавом,,3 990,Zavi,мульти,белый,однотонный,,трикотаж,,крючки,,,,без подкладки,"Хлопок - 95%, Эластан - 5%"
Lamoda,https://a.lmcdn.ru/img600x866/M/P/MP002XW17S3C_24290013_3_v1.jpeg,MP002XW17S3C,Боди c длинным рукавом,,3 990,Zavi,мульти,белый,однотонный,,трикотаж,,крючки,,,,без подкладки,"Хлопок - 95%, Эластан - 5%"
Lamoda,https://a.lmcdn.ru/img600x866/M/P/MP002XW17S3C_24289997_4_v1.jpeg,MP002XW17S3C,Боди c длинным рукавом,,3 990,Zavi,мульти,белый,однотонный,,трикотаж,,крючки,,,,без подкладки,"Хлопок - 95%, Эластан - 5%"
Lamoda,https://a.lmcdn.ru/img600x866/M/P/MP002XW17S3C_24290002_5_v1.jpeg,MP002XW17S3C,Боди c длинным рукавом,,3 990,Zavi,мульти,белый,однотонный,,трикотаж,,крючки,,,,без подкладки,"Хлопок - 95%, Эластан - 5%"
Lamoda,https://a.lmcdn.ru/img600x866/M/P/MP002XW17S3C_24290006_6_v1.jpeg,MP002XW17S3C,Боди c длинным рукавом,,3 990,Zavi,мульти,белый,однотонный,,трикотаж,,крючки,,,,без подкладки,"Хлопок - 95%, Эластан - 5%"
Lamoda,https://a.lmcdn.ru/img600x866/M/P/MP002XW17XGL_24607674_1_v1_2x.jpg,MP002XW17XGL,Боди с коротким рукавом,,1 199,Terranova,мульти,черный,,,трикотаж,,,,,,,"Полиэстер - 96%, Эластан - 4%"
Lamoda,https://a.lmcdn.ru/img600x866/M/P/MP002XW17XGL_24607675_2_v1_2x.jpg,MP002XW17XGL,Боди с коротким рукавом,,1 199,Terranova,мульти,черный,,,трикотаж,,,,,,,"Полиэстер - 96%, Эластан - 4%"
Lamoda,https://a.lmcdn.ru/img600x866/M/P/MP002XW0CNC7_17088100_1_v1_2x.jpg,MP002XW0CNC7,Боди с коротким рукавом,,599,O'STIN,мульти,черный,,,трикотаж,,,,,,,"Хлопок - 96%, Эластан - 4%"
Lamoda,https://a.lmcdn.ru/img600x866/M/P/MP002XW0CNC7_17088101_2_v1_2x.jpg,MP002XW0CNC7,Боди с коротким рукавом,,599,O'STIN,мульти,черный,,,трикотаж,,,,,,,"Хлопок - 96%, Эластан - 4%"
Lamoda,https://a.lmcdn.ru/img600x866/M/P/MP002XW0CNC7_17088102_3_v1_2x.jpg,MP002XW0CNC7,Боди с коротким рукавом,,599,O'STIN,мульти,черный,,,трикотаж,,,,,,,"Хлопок - 96%, Эластан - 4%"
Lamoda,https://a.lmcdn.ru/img600x866/M/P/MP002XW0CNC7_17092339_9_v1.jpg,MP002XW0CNC7,Боди с коротким рукавом,,599,O'STIN,мульти,черный,,,трикотаж,,,,,,,"Хлопок - 96%, Эластан - 4%"
Lamoda,https://a.lmcdn.ru/img600x866/M/P/MP002XW00GY3_23902049_1_v1_2x.jpg,MP002XW00GY3,Боди c длинным рукавом,,3 299,Incanto,мульти,,,,трикотаж,,,,,,,"Хлопок - 95%, Эластан - 5%"
Lamoda,https://a.lmcdn.ru/img600x866/M/P/MP002XW00GY3_23902050_2_v1_2x.jpg,MP002XW00GY3,Боди c длинным рукавом,,3 299,Incanto,мульти,,,,трикотаж,,,,,,,"Хлопок - 95%, Эластан - 5%"
Lamoda,https://a.lmcdn.ru/img600x866/M/P/MP002XW1819P_24377540_1_v1.jpeg,MP002XW1819P,Боди c длинным рукавом,,1 799,Love Republic,мульти,черный,однотонный,,трикотаж,,кнопки,,,,без подкладки,"Полиэстер - 95%, Эластан - 5%"
Lamoda,https://a.lmcdn.ru/img600x866/M/P/MP002XW1819P_24377543_2_v1.jpeg,MP002XW1819P,Боди c длинным рукавом,,1 799,Love Republic,мульти,черный,однотонный,,трикотаж,,кнопки,,,,без подкладки,"Полиэстер - 95%, Эластан - 5%"
Lamoda,https://a.lmcdn.ru/img600x866/M/P/MP002XW1819P_24377546_3_v1.jpeg,MP002XW1819P,Боди c длинным рукавом,,1 799,Love Republic,мульти,черный,однотонный,,трикотаж,,кнопки,,,,без подкладки,"Полиэстер - 95%, Эластан - 5%"
Lamoda,https://a.lmcdn.ru/img600x866/M/P/MP002XW1819P_24377549_4_v1.jpeg,MP002XW1819P,Боди c длинным рукавом,,1 799,Love Republic,мульти,черный,однотонный,,трикотаж,,кнопки,,,,без подкладки,"Полиэстер - 95%, Эластан - 5%"
Lamoda,https://a.lmcdn.ru/img600x866/M/P/MP002XW1819P_24377554_5_v1.jpeg,MP002XW1819P,Боди c длинным рукавом,,1 799,Love Republic,мульти,черный,однотонный,,трикотаж,,кнопки,,,,без подкладки,"Полиэстер - 95%, Эластан - 5%"
Lamoda,https://a.lmcdn.ru/img600x866/M/P/MP002XW143FL_22061060_1_v1_2x.jpg,MP002XW143FL,Боди c длинным рукавом,,2 000,D.S,мульти,,,,текстиль,,,,,,,"Вискоза - 90%, Лайкра - 10%"
Lamoda,https://a.lmcdn.ru/img600x866/M/P/MP002XW143FL_22061061_2_v1_2x.jpg,MP002XW143FL,Боди c длинным рукавом,,2 000,D.S,мульти,,,,текстиль,,,,,,,"Вискоза - 90%, Лайкра - 10%"
Lamoda,https://a.lmcdn.ru/img600x866/M/P/MP002XW0ZCKQ_24685021_1_v1.jpeg,MP002XW0ZCKQ,Боди c длинным рукавом,,3 990,Zavi,мульти,черный,,,трикотаж,,,,,,без подкладки,"Хлопок - 95%, Эластан - 5%"
Lamoda,https://a.lmcdn.ru/img600x866/M/P/MP002XW0ZCKQ_24685023_2_v1.jpeg,MP002XW0ZCKQ,Боди c длинным рукавом,,3 990,Zavi,мульти,черный,,,трикотаж,,,,,,без подкладки,"Хлопок - 95%, Эластан - 5%"
Lamoda,https://a.lmcdn.ru/img600x866/M/P/MP002XW0ZCKQ_24685026_3_v1.jpeg,MP002XW0ZCKQ,Боди c длинным рукавом,,3 990,Zavi,мульти,черный,,,трикотаж,,,,,,без подкладки,"Хлопок - 95%, Эластан - 5%"
Lamoda,https://a.lmcdn.ru/img600x866/M/P/MP002XW0ZCKQ_24685029_4_v1.jpeg,MP002XW0ZCKQ,Боди c длинным рукавом,,3 990,Zavi,мульти,черный,,,трикотаж,,,,,,без подкладки,"Хлопок - 95%, Эластан - 5%"
Lamoda,https://a.lmcdn.ru/img600x866/M/P/MP002XW0ZCKQ_24685032_5_v1.jpeg,MP002XW0ZCKQ,Боди c длинным рукавом,,3 990,Zavi,мульти,черный,,,трикотаж,,,,,,без подкладки,"Хлопок - 95%, Эластан - 5%"
Lamoda,https://a.lmcdn.ru/img600x866/M/P/MP002XW147EJ_23813340_1_v1.jpeg,MP002XW147EJ,Боди c длинным рукавом,,3 599,Love Republic,мульти,черный,однотонный,,трикотаж,,"кнопки, молния",,,,без подкладки,"Полиамид - 92%, Эластан - 8%"
Lamoda,https://a.lmcdn.ru/img600x866/M/P/MP002XW147EJ_23813244_2_v1.jpeg,MP002XW147EJ,Боди c длинным рукавом,,3 599,Love Republic,мульти,черный,однотонный,,трикотаж,,"кнопки, молния",,,,без подкладки,"Полиамид - 92%, Эластан - 8%"
Lamoda,https://a.lmcdn.ru/img600x866/M/P/MP002XW147EJ_23813250_3_v1.jpeg,MP002XW147EJ,Боди c длинным рукавом,,3 599,Love Republic,мульти,черный,однотонный,,трикотаж,,"кнопки, молния",,,,без подкладки,"Полиамид - 92%, Эластан - 8%"
Lamoda,https://a.lmcdn.ru/img600x866/M/P/MP002XW147EJ_23813253_4_v1.jpeg,MP002XW147EJ,Боди c длинным рукавом,,3 599,Love Republic,мульти,черный,однотонный,,трикотаж,,"кнопки, молния",,,,без подкладки,"Полиамид - 92%, Эластан - 8%"
Lamoda,https://a.lmcdn.ru/img600x866/M/P/MP002XW147EJ_23813259_5_v1.jpeg,MP002XW147EJ,Боди c длинным рукавом,,3 599,Love Republic,мульти,черный,однотонный,,трикотаж,,"кнопки, молния",,,,без подкладки,"Полиамид - 92%, Эластан - 8%"
Lamoda,https://a.lmcdn.ru/img600x866/M/P/MP002XW147EQ_23813278_1_v1.jpeg,MP002XW147EQ,Боди c длинным рукавом,,2 999,Love Republic,мульти,белый,однотонный,,трикотаж,,кнопки,,,,"Полиэстер - 80%, Эластан - 20%","Полиэстер - 80%, Эластан - 20%"
Lamoda,https://a.lmcdn.ru/img600x866/M/P/MP002XW147EQ_23813281_2_v1.jpeg,MP002XW147EQ,Боди c длинным рукавом,,2 999,Love Republic,мульти,белый,однотонный,,трикотаж,,кнопки,,,,"Полиэстер - 80%, Эластан - 20%","Полиэстер - 80%, Эластан - 20%"
Lamoda,https://a.lmcdn.ru/img600x866/M/P/MP002XW147EQ_23813286_3_v1.jpeg,MP002XW147EQ,Боди c длинным рукавом,,2 999,Love Republic,мульти,белый,однотонный,,трикотаж,,кнопки,,,,"Полиэстер - 80%, Эластан - 20%","Полиэстер - 80%, Эластан - 20%"
Lamoda,https://a.lmcdn.ru/img600x866/M/P/MP002XW147EQ_23813292_4_v1.jpeg,MP002XW147EQ,Боди c длинным рукавом,,2 999,Love Republic,мульти,белый,однотонный,,трикотаж,,кнопки,,,,"Полиэстер - 80%, Эластан - 20%","Полиэстер - 80%, Эластан - 20%"
Lamoda,https://a.lmcdn.ru/img600x866/M/P/MP002XW147EQ_23813296_5_v1.jpeg,MP002XW147EQ,Боди c длинным рукавом,,2 999,Love Republic,мульти,белый,однотонный,,трикотаж,,кнопки,,,,"Полиэстер - 80%, Эластан - 20%","Полиэстер - 80%, Эластан - 20%"
Lamoda,https://a.lmcdn.ru/img600x866/M/P/MP002XW0IF9Y_25273096_1_v1_2x.jpeg,MP002XW0IF9Y,Боди c длинным рукавом,,1 459,Твое,мульти,черный,,,трикотаж,,,,,,без подкладки,"Полиэстер - 88%, Эластан - 12%"
Lamoda,https://a.lmcdn.ru/img600x866/M/P/MP002XW0IF9Y_25273113_2_v1_2x.jpeg,MP002XW0IF9Y,Боди c длинным рукавом,,1 459,Твое,мульти,черный,,,трикотаж,,,,,,без подкладки,"Полиэстер - 88%, Эластан - 12%"
Lamoda,https://a.lmcdn.ru/img600x866/M/P/MP002XW0IF9Y_25273103_3_v1_2x.jpeg,MP002XW0IF9Y,Боди c длинным рукавом,,1 459,Твое,мульти,черный,,,трикотаж,,,,,,без подкладки,"Полиэстер - 88%, Эластан - 12%"
Lamoda,https://a.lmcdn.ru/img600x866/M/P/MP002XW0IF9Y_25273122_4_v1_2x.jpeg,MP002XW0IF9Y,Боди c длинным рукавом,,1 459,Твое,мульти,черный,,,трикотаж,,,,,,без подкладки,"Полиэстер - 88%, Эластан - 12%"
Lamoda,https://a.lmcdn.ru/img600x866/M/P/MP002XW0IF9Y_25273108_5_v1_2x.jpeg,MP002XW0IF9Y,Боди c длинным рукавом,,1 459,Твое,мульти,черный,,,трикотаж,,,,,,без подкладки,"Полиэстер - 88%, Эластан - 12%"
Lamoda,https://a.lmcdn.ru/img600x866/M/P/MP002XW0IF9Y_25273126_6_v1_2x.jpeg,MP002XW0IF9Y,Боди c длинным рукавом,,1 459,Твое,мульти,черный,,,трикотаж,,,,,,без подкладки,"Полиэстер - 88%, Эластан - 12%"
Lamoda,https://a.lmcdn.ru/img600x866/M/P/MP002XW0JL06_20891471_1_v1_2x.jpg,MP002XW0JL06,Боди c длинным рукавом,,2 890,Принтуха,мульти,,,,трикотаж,,,,,,,"Хлопок - 92%, Эластан - 8%"
Lamoda,https://a.lmcdn.ru/img600x866/M/P/MP002XW0JL06_20891472_2_v1_2x.jpg,MP002XW0JL06,Боди c длинным рукавом,,2 890,Принтуха,мульти,,,,трикотаж,,,,,,,"Хлопок - 92%, Эластан - 8%"
Lamoda,https://a.lmcdn.ru/img600x866/M/P/MP002XW0JL06_20891473_3_v1_2x.jpg,MP002XW0JL06,Боди c длинным рукавом,,2 890,Принтуха,мульти,,,,трикотаж,,,,,,,"Хлопок - 92%, Эластан - 8%"
Lamoda,https://a.lmcdn.ru/img600x866/M/P/MP002XW0JL06_20882497_9_v1.jpg,MP002XW0JL06,Боди c длинным рукавом,,2 890,Принтуха,мульти,,,,трикотаж,,,,,,,"Хлопок - 92%, Эластан - 8%"
Lamoda,https://a.lmcdn.ru/img600x866/M/P/MP002XW0IADV_25398388_1_v1_2x.jpg,MP002XW0IADV,Боди c длинным рукавом,,1 299,Calliope,мульти,,,,трикотаж,,,,,,,"Полиамид - 86%, Эластан - 14%"
Lamoda,https://a.lmcdn.ru/img600x866/M/P/MP002XW0IADV_25398389_2_v1_2x.jpg,MP002XW0IADV,Боди c длинным рукавом,,1 299,Calliope,мульти,,,,трикотаж,,,,,,,"Полиамид - 86%, Эластан - 14%"
Lamoda,https://a.lmcdn.ru/img600x866/M/P/MP002XW0IADV_25398390_3_v1_2x.jpg,MP002XW0IADV,Боди c длинным рукавом,,1 299,Calliope,мульти,,,,трикотаж,,,,,,,"Полиамид - 86%, Эластан - 14%"
Lamoda,https://a.lmcdn.ru/img600x866/M/P/MP002XW0IADV_25403592_9_v1.jpg,MP002XW0IADV,Боди c длинным рукавом,,1 299,Calliope,мульти,,,,трикотаж,,,,,,,"Полиамид - 86%, Эластан - 14%"
Lamoda,https://a.lmcdn.ru/img600x866/M/P/MP002XW15ED0_23691770_1_v2.jpg,MP002XW15ED0,Боди с коротким рукавом,,799,Love Republic,мульти,черный,,,трикотаж,,,,,,,"Хлопок - 96%, Эластан - 4%"
Lamoda,https://a.lmcdn.ru/img600x866/M/P/MP002XW15ED0_23691771_2_v2.jpg,MP002XW15ED0,Боди с коротким рукавом,,799,Love Republic,мульти,черный,,,трикотаж,,,,,,,"Хлопок - 96%, Эластан - 4%"
Lamoda,https://a.lmcdn.ru/img600x866/M/P/MP002XW15ED0_23691772_3_v2.jpg,MP002XW15ED0,Боди с коротким рукавом,,799,Love Republic,мульти,черный,,,трикотаж,,,,,,,"Хлопок - 96%, Эластан - 4%"
Lamoda,https://a.lmcdn.ru/img600x866/M/P/MP002XW15ED0_23951751_4_v1.jpg,MP002XW15ED0,Боди с коротким рукавом,,799,Love Republic,мульти,черный,,,трикотаж,,,,,,,"Хлопок - 96%, Эластан - 4%"
Lamoda,https://a.lmcdn.ru/img600x866/M/P/MP002XW15ED0_23951752_5_v1.jpg,MP002XW15ED0,Боди с коротким рукавом,,799,Love Republic,мульти,черный,,,трикотаж,,,,,,,"Хлопок - 96%, Эластан - 4%"
Lamoda,https://a.lmcdn.ru/img600x866/M/P/MP002XW0ZNJM_24869713_1_v1.png,MP002XW0ZNJM,Боди c длинным рукавом,,5 900,Lumiere Magique,мульти,фиолетовый,,,сетка,,,,,,без подкладки,Полиэстер - 100%
Lamoda,https://a.lmcdn.ru/img600x866/M/P/MP002XW0ZNJM_24869716_2_v1.png,MP002XW0ZNJM,Боди c длинным рукавом,,5 900,Lumiere Magique,мульти,фиолетовый,,,сетка,,,,,,без подкладки,Полиэстер - 100%
Lamoda,https://a.lmcdn.ru/img600x866/M/P/MP002XW0ZNJM_24869714_3_v1.png,MP002XW0ZNJM,Боди c длинным рукавом,,5 900,Lumiere Magique,мульти,фиолетовый,,,сетка,,,,,,без подкладки,Полиэстер - 100%
Lamoda,https://a.lmcdn.ru/img600x866/M/P/MP002XW0ZNJM_24869715_4_v1.png,MP002XW0ZNJM,Боди c длинным рукавом,,5 900,Lumiere Magique,мульти,фиолетовый,,,сетка,,,,,,без подкладки,Полиэстер - 100%
Lamoda,https://a.lmcdn.ru/img600x866/M/P/MP002XW0ZNJM_24869717_5_v1.png,MP002XW0ZNJM,Боди c длинным рукавом,,5 900,Lumiere Magique,мульти,фиолетовый,,,сетка,,,,,,без подкладки,Полиэстер - 100%
Lamoda,https://a.lmcdn.ru/img600x866/M/P/MP002XW0ZNJM_24869718_6_v1.png,MP002XW0ZNJM,Боди c длинным рукавом,,5 900,Lumiere Magique,мульти,фиолетовый,,,сетка,,,,,,без подкладки,Полиэстер - 100%
Lamoda,https://a.lmcdn.ru/img600x866/M/P/MP002XW1C49N_25404181_1_v2_2x.jpg,MP002XW1C49N,Боди c длинным рукавом,,1 999,Calliope,мульти,,,,трикотаж,,,,,,,"Полиэстер - 88%, Полиамид - 12%"
Lamoda,https://a.lmcdn.ru/img600x866/M/P/MP002XW1C49N_25404182_2_v2_2x.jpg,MP002XW1C49N,Боди c длинным рукавом,,1 999,Calliope,мульти,,,,трикотаж,,,,,,,"Полиэстер - 88%, Полиамид - 12%"
Lamoda,https://a.lmcdn.ru/img600x866/M/P/MP002XW1C49N_25404183_3_v2_2x.jpg,MP002XW1C49N,Боди c длинным рукавом,,1 999,Calliope,мульти,,,,трикотаж,,,,,,,"Полиэстер - 88%, Полиамид - 12%"
Lamoda,https://a.lmcdn.ru/img600x866/M/P/MP002XW1C49N_25404184_4_v2_2x.jpg,MP002XW1C49N,Боди c длинным рукавом,,1 999,Calliope,мульти,,,,трикотаж,,,,,,,"Полиэстер - 88%, Полиамид - 12%"
Lamoda,https://a.lmcdn.ru/img600x866/M/P/MP002XW1C49N_25420291_9_v1.jpg,MP002XW1C49N,Боди c длинным рукавом,,1 999,Calliope,мульти,,,,трикотаж,,,,,,,"Полиэстер - 88%, Полиамид - 12%"
Lamoda,https://a.lmcdn.ru/img600x866/M/P/MP002XW0JJNK_20228423_1_v1_2x.jpg,MP002XW0JJNK,Боди c длинным рукавом,,660,Neohit,мульти,,,,трикотаж,,,,,,,"Полиамид - 93.4%, Эластан - 6.6%"
Lamoda,https://a.lmcdn.ru/img600x866/M/P/MP002XW0JJNK_20228424_2_v1_2x.jpg,MP002XW0JJNK,Боди c длинным рукавом,,660,Neohit,мульти,,,,трикотаж,,,,,,,"Полиамид - 93.4%, Эластан - 6.6%"
Lamoda,https://a.lmcdn.ru/img600x866/M/P/MP002XW0JJNK_20228425_3_v1_2x.jpg,MP002XW0JJNK,Боди c длинным рукавом,,660,Neohit,мульти,,,,трикотаж,,,,,,,"Полиамид - 93.4%, Эластан - 6.6%"
Lamoda,https://a.lmcdn.ru/img600x866/M/P/MP002XW0JJNK_20223849_9_v1.jpg,MP002XW0JJNK,Боди c длинным рукавом,,660,Neohit,мульти,,,,трикотаж,,,,,,,"Полиамид - 93.4%, Эластан - 6.6%"
Lamoda,https://a.lmcdn.ru/img600x866/M/P/MP002XW184XJ_24826064_1_v1_2x.jpg,MP002XW184XJ,Боди с коротким рукавом,,1 399,Tezenis,лето,черный,,,трикотаж,,,,,,,"Вискоза - 75%, Полиэстер - 25%"
Lamoda,https://a.lmcdn.ru/img600x866/M/P/MP002XW184XJ_24826065_2_v1_2x.jpg,MP002XW184XJ,Боди с коротким рукавом,,1 399,Tezenis,лето,черный,,,трикотаж,,,,,,,"Вискоза - 75%, Полиэстер - 25%"
Lamoda,https://a.lmcdn.ru/img600x866/M/P/MP002XW184XJ_24826066_3_v1_2x.jpg,MP002XW184XJ,Боди с коротким рукавом,,1 399,Tezenis,лето,черный,,,трикотаж,,,,,,,"Вискоза - 75%, Полиэстер - 25%"
Lamoda,https://a.lmcdn.ru/img600x866/M/P/MP002XW184XJ_24826067_4_v1_2x.jpg,MP002XW184XJ,Боди с коротким рукавом,,1 399,Tezenis,лето,черный,,,трикотаж,,,,,,,"Вискоза - 75%, Полиэстер - 25%"
Lamoda,https://a.lmcdn.ru/img600x866/M/P/MP002XW184XJ_24852109_9_v1.jpg,MP002XW184XJ,Боди с коротким рукавом,,1 399,Tezenis,лето,черный,,,трикотаж,,,,,,,"Вискоза - 75%, Полиэстер - 25%"
Lamoda,https://a.lmcdn.ru/img600x866/M/P/MP002XW147EC_23813205_1_v1.jpeg,MP002XW147EC,Боди c длинным рукавом,,2 999,Love Republic,мульти,черный,однотонный,,трикотаж,,кнопки,,,,"Полиэстер - 80%, Эластан - 20%","Полиэстер - 80%, Эластан - 20%"
Lamoda,https://a.lmcdn.ru/img600x866/M/P/MP002XW147EC_23813214_2_v1.jpeg,MP002XW147EC,Боди c длинным рукавом,,2 999,Love Republic,мульти,черный,однотонный,,трикотаж,,кнопки,,,,"Полиэстер - 80%, Эластан - 20%","Полиэстер - 80%, Эластан - 20%"
Lamoda,https://a.lmcdn.ru/img600x866/M/P/MP002XW147EC_23813219_3_v1.jpeg,MP002XW147EC,Боди c длинным рукавом,,2 999,Love Republic,мульти,черный,однотонный,,трикотаж,,кнопки,,,,"Полиэстер - 80%, Эластан - 20%","Полиэстер - 80%, Эластан - 20%"
Lamoda,https://a.lmcdn.ru/img600x866/M/P/MP002XW147EC_23813222_4_v1.jpeg,MP002XW147EC,Боди c длинным рукавом,,2 999,Love Republic,мульти,черный,однотонный,,трикотаж,,кнопки,,,,"Полиэстер - 80%, Эластан - 20%","Полиэстер - 80%, Эластан - 20%"
Lamoda,https://a.lmcdn.ru/img600x866/M/P/MP002XW0II1P_25304689_1_v1.jpeg,MP002XW0II1P,Боди c длинным рукавом,,2 379,Befree,мульти,черный,,,фатин/тюль,,,,,,"Полиэстер - 92%, Эластан - 8%","Материал 1: Полиэстер - 92%, Эластан - 8%; Материал 2: Полиамид - 70%, Эластан - 5%, Люрекс - 25%"
Lamoda,https://a.lmcdn.ru/img600x866/M/P/MP002XW0II1P_25304700_2_v1.jpeg,MP002XW0II1P,Боди c длинным рукавом,,2 379,Befree,мульти,черный,,,фатин/тюль,,,,,,"Полиэстер - 92%, Эластан - 8%","Материал 1: Полиэстер - 92%, Эластан - 8%; Материал 2: Полиамид - 70%, Эластан - 5%, Люрекс - 25%"
Lamoda,https://a.lmcdn.ru/img600x866/M/P/MP002XW0II1P_25304698_3_v1.jpeg,MP002XW0II1P,Боди c длинным рукавом,,2 379,Befree,мульти,черный,,,фатин/тюль,,,,,,"Полиэстер - 92%, Эластан - 8%","Материал 1: Полиэстер - 92%, Эластан - 8%; Материал 2: Полиамид - 70%, Эластан - 5%, Люрекс - 25%"
Lamoda,https://a.lmcdn.ru/img600x866/M/P/MP002XW0II1P_25304695_4_v1.jpeg,MP002XW0II1P,Боди c длинным рукавом,,2 379,Befree,мульти,черный,,,фатин/тюль,,,,,,"Полиэстер - 92%, Эластан - 8%","Материал 1: Полиэстер - 92%, Эластан - 8%; Материал 2: Полиамид - 70%, Эластан - 5%, Люрекс - 25%"
Lamoda,https://a.lmcdn.ru/img600x866/M/P/MP002XW0II1P_25304705_5_v1.jpeg,MP002XW0II1P,Боди c длинным рукавом,,2 379,Befree,мульти,черный,,,фатин/тюль,,,,,,"Полиэстер - 92%, Эластан - 8%","Материал 1: Полиэстер - 92%, Эластан - 8%; Материал 2: Полиамид - 70%, Эластан - 5%, Люрекс - 25%"
Lamoda,https://a.lmcdn.ru/img600x866/M/P/MP002XW0II1P_25304711_6_v1.jpeg,MP002XW0II1P,Боди c длинным рукавом,,2 379,Befree,мульти,черный,,,фатин/тюль,,,,,,"Полиэстер - 92%, Эластан - 8%","Материал 1: Полиэстер - 92%, Эластан - 8%; Материал 2: Полиамид - 70%, Эластан - 5%, Люрекс - 25%"
