image_url,id,Категория,Сезон,Материал подошвы,Материал верха,Цвет
https://a.lmcdn.ru/img600x866/M/P/MP002XM0B0JW_21031102_1_v1.jpg,MP002XM0B0JW,Трекинговые ботинки,демисезон,резина,текстиль,коричневый
https://a.lmcdn.ru/img600x866/M/P/MP002XM0B0JW_21031103_2_v1.jpg,MP002XM0B0JW,Трекинговые ботинки,демисезон,резина,текстиль,коричневый
https://a.lmcdn.ru/img600x866/M/P/MP002XM0B0JW_21031104_3_v1.jpg,MP002XM0B0JW,Трекинговые ботинки,демисезон,резина,текстиль,коричневый
https://a.lmcdn.ru/img600x866/M/P/MP002XM0B0JW_21031105_4_v1.jpg,MP002XM0B0JW,Трекинговые ботинки,демисезон,резина,текстиль,коричневый
https://a.lmcdn.ru/img600x866/M/P/MP002XM0B0JW_21031106_5_v1.jpg,MP002XM0B0JW,Трекинговые ботинки,демисезон,резина,текстиль,коричневый
https://a.lmcdn.ru/img600x866/M/P/MP002XM00MUM_24477229_1_v1.jpg,MP002XM00MUM,Ботинки,зима,термопластичная резина,"искусственная кожа, полиэстер",черный
https://a.lmcdn.ru/img600x866/M/P/MP002XM00MUM_24477230_2_v1.jpg,MP002XM00MUM,Ботинки,зима,термопластичная резина,"искусственная кожа, полиэстер",черный
https://a.lmcdn.ru/img600x866/M/P/MP002XM00MUM_24477231_3_v1.jpg,MP002XM00MUM,Ботинки,зима,термопластичная резина,"искусственная кожа, полиэстер",черный
https://a.lmcdn.ru/img600x866/M/P/MP002XM00MUM_24477232_4_v1.jpg,MP002XM00MUM,Ботинки,зима,термопластичная резина,"искусственная кожа, полиэстер",черный
https://a.lmcdn.ru/img600x866/M/P/MP002XM00MUM_24477233_5_v1.jpg,MP002XM00MUM,Ботинки,зима,термопластичная резина,"искусственная кожа, полиэстер",черный
https://a.lmcdn.ru/img600x866/M/P/MP002XM1RL3K_15522219_1_v2.jpg,MP002XM1RL3K,Высокие ботинки,демисезон,термоэластопласт,натуральная кожа,черный
https://a.lmcdn.ru/img600x866/M/P/MP002XM1RL3K_15522220_2_v1.jpg,MP002XM1RL3K,Высокие ботинки,демисезон,термоэластопласт,натуральная кожа,черный
https://a.lmcdn.ru/img600x866/M/P/MP002XM1RL3K_15522221_3_v1.jpg,MP002XM1RL3K,Высокие ботинки,демисезон,термоэластопласт,натуральная кожа,черный
https://a.lmcdn.ru/img600x866/M/P/MP002XM1RL3K_15522222_4_v1.jpg,MP002XM1RL3K,Высокие ботинки,демисезон,термоэластопласт,натуральная кожа,черный
https://a.lmcdn.ru/img600x866/M/P/MP002XM1RL3K_15522223_5_v1.jpg,MP002XM1RL3K,Высокие ботинки,демисезон,термоэластопласт,натуральная кожа,черный
https://a.lmcdn.ru/img600x866/M/P/MP002XM1HVQ7_15965344_1_v1.jpg,MP002XM1HVQ7,Высокие ботинки,зима,термоэластопласт,натуральная кожа,коричневый
https://a.lmcdn.ru/img600x866/M/P/MP002XM1HVQ7_15965345_2_v1.jpg,MP002XM1HVQ7,Высокие ботинки,зима,термоэластопласт,натуральная кожа,коричневый
https://a.lmcdn.ru/img600x866/M/P/MP002XM1HVQ7_15965346_3_v1.jpg,MP002XM1HVQ7,Высокие ботинки,зима,термоэластопласт,натуральная кожа,коричневый
https://a.lmcdn.ru/img600x866/M/P/MP002XM1HVQ7_15965347_4_v1.jpg,MP002XM1HVQ7,Высокие ботинки,зима,термоэластопласт,натуральная кожа,коричневый
https://a.lmcdn.ru/img600x866/M/P/MP002XM1HVQ7_15965348_5_v1.jpg,MP002XM1HVQ7,Высокие ботинки,зима,термоэластопласт,натуральная кожа,коричневый
https://a.lmcdn.ru/img600x866/M/P/MP002XM08D1D_17779337_1_v3.jpg,MP002XM08D1D,Высокие ботинки,демисезон,резина,натуральная кожа,черный
https://a.lmcdn.ru/img600x866/M/P/MP002XM08D1D_17779338_2_v2.jpg,MP002XM08D1D,Высокие ботинки,демисезон,резина,натуральная кожа,черный
https://a.lmcdn.ru/img600x866/M/P/MP002XM08D1D_17779339_3_v2.jpg,MP002XM08D1D,Высокие ботинки,демисезон,резина,натуральная кожа,черный
https://a.lmcdn.ru/img600x866/M/P/MP002XM08D1D_17779340_4_v2.jpg,MP002XM08D1D,Высокие ботинки,демисезон,резина,натуральная кожа,черный
https://a.lmcdn.ru/img600x866/M/P/MP002XM08D1D_17779341_5_v2.jpg,MP002XM08D1D,Высокие ботинки,демисезон,резина,натуральная кожа,черный
https://a.lmcdn.ru/img600x866/R/T/RTLADU265101_24730269_1_v1.jpg,RTLADU265101,Высокие ботинки,"демисезон, зима",термопластичная резина,искусственный материал,черный
https://a.lmcdn.ru/img600x866/R/T/RTLADU265101_24730270_2_v1.jpg,RTLADU265101,Высокие ботинки,"демисезон, зима",термопластичная резина,искусственный материал,черный
https://a.lmcdn.ru/img600x866/R/T/RTLADU265101_24730271_3_v1.jpg,RTLADU265101,Высокие ботинки,"демисезон, зима",термопластичная резина,искусственный материал,черный
https://a.lmcdn.ru/img600x866/R/T/RTLADU265101_24730272_4_v1.jpg,RTLADU265101,Высокие ботинки,"демисезон, зима",термопластичная резина,искусственный материал,черный
https://a.lmcdn.ru/img600x866/R/T/RTLADU265101_24730273_5_v1.jpg,RTLADU265101,Высокие ботинки,"демисезон, зима",термопластичная резина,искусственный материал,черный
https://a.lmcdn.ru/img600x866/R/T/RTLADU265101_24730274_6_v1.jpg,RTLADU265101,Высокие ботинки,"демисезон, зима",термопластичная резина,искусственный материал,черный
https://a.lmcdn.ru/img600x866/R/T/RTLAAO557701_14899699_1_v2.jpg,RTLAAO557701,Высокие ботинки,"демисезон, зима",искусственный материал,натуральная кожа,черный
https://a.lmcdn.ru/img600x866/R/T/RTLAAO557701_14899700_2_v1.jpg,RTLAAO557701,Высокие ботинки,"демисезон, зима",искусственный материал,натуральная кожа,черный
https://a.lmcdn.ru/img600x866/R/T/RTLAAO557701_14899701_3_v1.jpg,RTLAAO557701,Высокие ботинки,"демисезон, зима",искусственный материал,натуральная кожа,черный
https://a.lmcdn.ru/img600x866/R/T/RTLAAO557701_14899702_4_v1.jpg,RTLAAO557701,Высокие ботинки,"демисезон, зима",искусственный материал,натуральная кожа,черный
https://a.lmcdn.ru/img600x866/R/T/RTLAAO557701_14899703_5_v1.jpg,RTLAAO557701,Высокие ботинки,"демисезон, зима",искусственный материал,натуральная кожа,черный
https://a.lmcdn.ru/img600x866/R/T/RTLABZ840601_18063859_1_v1.jpg,RTLABZ840601,Челси,Не указано,термоэластопласт,натуральная замша,черный
https://a.lmcdn.ru/img600x866/R/T/RTLABZ840601_18063860_2_v1.jpg,RTLABZ840601,Челси,Не указано,термоэластопласт,натуральная замша,черный
https://a.lmcdn.ru/img600x866/R/T/RTLABZ840601_18063861_3_v1.jpg,RTLABZ840601,Челси,Не указано,термоэластопласт,натуральная замша,черный
https://a.lmcdn.ru/img600x866/R/T/RTLABZ840601_18063862_4_v1.jpg,RTLABZ840601,Челси,Не указано,термоэластопласт,натуральная замша,черный
https://a.lmcdn.ru/img600x866/R/T/RTLABZ840601_18063863_5_v1.jpg,RTLABZ840601,Челси,Не указано,термоэластопласт,натуральная замша,черный
https://a.lmcdn.ru/img600x866/R/T/RTLABZ841901_18064982_1_v1.jpg,RTLABZ841901,Челси,Не указано,термопластичная резина,натуральная замша,коричневый
https://a.lmcdn.ru/img600x866/R/T/RTLABZ841901_18064983_2_v1.jpg,RTLABZ841901,Челси,Не указано,термопластичная резина,натуральная замша,коричневый
https://a.lmcdn.ru/img600x866/R/T/RTLABZ841901_18064984_3_v1.jpg,RTLABZ841901,Челси,Не указано,термопластичная резина,натуральная замша,коричневый
https://a.lmcdn.ru/img600x866/R/T/RTLABZ841901_18064985_4_v1.jpg,RTLABZ841901,Челси,Не указано,термопластичная резина,натуральная замша,коричневый
https://a.lmcdn.ru/img600x866/R/T/RTLABZ841901_18064986_5_v1.jpg,RTLABZ841901,Челси,Не указано,термопластичная резина,натуральная замша,коричневый
https://a.lmcdn.ru/img600x866/R/T/RTLABZ841901_18064987_6_v1.jpg,RTLABZ841901,Челси,Не указано,термопластичная резина,натуральная замша,коричневый
https://a.lmcdn.ru/img600x866/R/T/RTLADJ379901_24199961_1_v1.jpg,RTLADJ379901,Ботинки,мульти,Не указано,Не указано,черный
https://a.lmcdn.ru/img600x866/R/T/RTLADJ379901_24199962_2_v1.jpg,RTLADJ379901,Ботинки,мульти,Не указано,Не указано,черный
https://a.lmcdn.ru/img600x866/R/T/RTLADJ379901_24199963_3_v1.jpg,RTLADJ379901,Ботинки,мульти,Не указано,Не указано,черный
https://a.lmcdn.ru/img600x866/R/T/RTLADJ379901_24199964_4_v1.jpg,RTLADJ379901,Ботинки,мульти,Не указано,Не указано,черный
https://a.lmcdn.ru/img600x866/R/T/RTLADJ379901_24199965_5_v1.jpg,RTLADJ379901,Ботинки,мульти,Не указано,Не указано,черный
https://a.lmcdn.ru/img600x866/M/P/MP002XM0B4W6_21071911_1_v1.jpg,MP002XM0B4W6,Ботинки,демисезон,термопластичная резина,"искусственная кожа, полиэстер",черный
https://a.lmcdn.ru/img600x866/M/P/MP002XM0B4W6_21071912_2_v1.jpg,MP002XM0B4W6,Ботинки,демисезон,термопластичная резина,"искусственная кожа, полиэстер",черный
https://a.lmcdn.ru/img600x866/M/P/MP002XM0B4W6_21071913_3_v1.jpg,MP002XM0B4W6,Ботинки,демисезон,термопластичная резина,"искусственная кожа, полиэстер",черный
https://a.lmcdn.ru/img600x866/M/P/MP002XM0B4W6_21071914_4_v1.jpg,MP002XM0B4W6,Ботинки,демисезон,термопластичная резина,"искусственная кожа, полиэстер",черный
https://a.lmcdn.ru/img600x866/M/P/MP002XM0B4W6_21071915_5_v1.jpg,MP002XM0B4W6,Ботинки,демисезон,термопластичная резина,"искусственная кожа, полиэстер",черный
https://a.lmcdn.ru/img600x866/M/P/MP002XM1HU4Y_15943223_1_v1.jpg,MP002XM1HU4Y,Высокие ботинки,зима,термоэластопласт,натуральная кожа,черный
https://a.lmcdn.ru/img600x866/M/P/MP002XM1HU4Y_15943224_2_v1.jpg,MP002XM1HU4Y,Высокие ботинки,зима,термоэластопласт,натуральная кожа,черный
https://a.lmcdn.ru/img600x866/M/P/MP002XM1HU4Y_15943225_3_v1.jpg,MP002XM1HU4Y,Высокие ботинки,зима,термоэластопласт,натуральная кожа,черный
https://a.lmcdn.ru/img600x866/M/P/MP002XM1HU4Y_15943226_4_v1.jpg,MP002XM1HU4Y,Высокие ботинки,зима,термоэластопласт,натуральная кожа,черный
https://a.lmcdn.ru/img600x866/M/P/MP002XM1HU4Y_15943227_5_v1.jpg,MP002XM1HU4Y,Высокие ботинки,зима,термоэластопласт,натуральная кожа,черный
https://a.lmcdn.ru/img600x866/M/P/MP002XM1HU4Y_15943228_6_v1.jpg,MP002XM1HU4Y,Высокие ботинки,зима,термоэластопласт,натуральная кожа,черный
https://a.lmcdn.ru/img600x866/M/P/MP002XM256OC_21600311_1_v1.jpg,MP002XM256OC,Челси,демисезон,термоэластопласт,натуральный спилок,черный
https://a.lmcdn.ru/img600x866/M/P/MP002XM256OC_21600312_2_v1.jpg,MP002XM256OC,Челси,демисезон,термоэластопласт,натуральный спилок,черный
https://a.lmcdn.ru/img600x866/M/P/MP002XM256OC_21600313_3_v1.jpg,MP002XM256OC,Челси,демисезон,термоэластопласт,натуральный спилок,черный
https://a.lmcdn.ru/img600x866/M/P/MP002XM256OC_21600314_4_v1.jpg,MP002XM256OC,Челси,демисезон,термоэластопласт,натуральный спилок,черный
https://a.lmcdn.ru/img600x866/M/P/MP002XM256OC_21600315_5_v1.jpg,MP002XM256OC,Челси,демисезон,термоэластопласт,натуральный спилок,черный
https://a.lmcdn.ru/img600x866/M/P/MP002XM0BUIQ_25046398_1_v1.jpg,MP002XM0BUIQ,Ботинки,зима,ПВХ,"искусственная кожа, текстиль",коричневый
https://a.lmcdn.ru/img600x866/M/P/MP002XM0BUIQ_25046399_2_v1.jpg,MP002XM0BUIQ,Ботинки,зима,ПВХ,"искусственная кожа, текстиль",коричневый
https://a.lmcdn.ru/img600x866/M/P/MP002XM0BUIQ_25046400_3_v1.jpg,MP002XM0BUIQ,Ботинки,зима,ПВХ,"искусственная кожа, текстиль",коричневый
https://a.lmcdn.ru/img600x866/M/P/MP002XM0BUIQ_25046401_4_v1.jpg,MP002XM0BUIQ,Ботинки,зима,ПВХ,"искусственная кожа, текстиль",коричневый
https://a.lmcdn.ru/img600x866/M/P/MP002XM0BUIQ_25046402_5_v1.jpg,MP002XM0BUIQ,Ботинки,зима,ПВХ,"искусственная кожа, текстиль",коричневый
https://a.lmcdn.ru/img600x866/M/P/MP002XM0X6DR_20666560_1_v1.jpg,MP002XM0X6DR,Высокие ботинки,демисезон,резина,натуральная кожа,коричневый
https://a.lmcdn.ru/img600x866/M/P/MP002XM0X6DR_20666561_2_v1.jpg,MP002XM0X6DR,Высокие ботинки,демисезон,резина,натуральная кожа,коричневый
https://a.lmcdn.ru/img600x866/M/P/MP002XM0X6DR_20666562_3_v1.jpg,MP002XM0X6DR,Высокие ботинки,демисезон,резина,натуральная кожа,коричневый
https://a.lmcdn.ru/img600x866/M/P/MP002XM0X6DR_20666563_4_v1.jpg,MP002XM0X6DR,Высокие ботинки,демисезон,резина,натуральная кожа,коричневый
https://a.lmcdn.ru/img600x866/M/P/MP002XM0X6DR_20666564_5_v1.jpg,MP002XM0X6DR,Высокие ботинки,демисезон,резина,натуральная кожа,коричневый
https://a.lmcdn.ru/img600x866/M/P/MP002XM0BXNP_25064385_1_v1.jpeg,MP002XM0BXNP,Ботинки,зима,"термопластичная резина, этиленвинилацетат",текстиль,хаки
https://a.lmcdn.ru/img600x866/M/P/MP002XM0BXNP_25064353_2_v1.jpeg,MP002XM0BXNP,Ботинки,зима,"термопластичная резина, этиленвинилацетат",текстиль,хаки
https://a.lmcdn.ru/img600x866/M/P/MP002XM0BXNP_25064363_3_v1.jpeg,MP002XM0BXNP,Ботинки,зима,"термопластичная резина, этиленвинилацетат",текстиль,хаки
https://a.lmcdn.ru/img600x866/M/P/MP002XM0BXNP_25064343_4_v1.jpeg,MP002XM0BXNP,Ботинки,зима,"термопластичная резина, этиленвинилацетат",текстиль,хаки
https://a.lmcdn.ru/img600x866/M/P/MP002XM0BXNP_25064347_5_v1.jpeg,MP002XM0BXNP,Ботинки,зима,"термопластичная резина, этиленвинилацетат",текстиль,хаки
https://a.lmcdn.ru/img600x866/M/P/MP002XM0BXNP_25064373_6_v1.jpeg,MP002XM0BXNP,Ботинки,зима,"термопластичная резина, этиленвинилацетат",текстиль,хаки
https://a.lmcdn.ru/img600x866/M/P/MP002XM0X6DC_20787842_1_v1.jpg,MP002XM0X6DC,Высокие ботинки,демисезон,резина,натуральная кожа,коричневый
https://a.lmcdn.ru/img600x866/M/P/MP002XM0X6DC_20787843_2_v1.jpg,MP002XM0X6DC,Высокие ботинки,демисезон,резина,натуральная кожа,коричневый
https://a.lmcdn.ru/img600x866/M/P/MP002XM0X6DC_20787844_3_v1.jpg,MP002XM0X6DC,Высокие ботинки,демисезон,резина,натуральная кожа,коричневый
https://a.lmcdn.ru/img600x866/M/P/MP002XM0X6DC_20787845_4_v1.jpg,MP002XM0X6DC,Высокие ботинки,демисезон,резина,натуральная кожа,коричневый
https://a.lmcdn.ru/img600x866/M/P/MP002XM0X6DC_20787846_5_v1.jpg,MP002XM0X6DC,Высокие ботинки,демисезон,резина,натуральная кожа,коричневый
https://a.lmcdn.ru/img600x866/M/P/MP002XM0BOA9_24618696_1_v1_2x.jpeg,MP002XM0BOA9,Низкие ботинки,демисезон,"резина, этиленвинилацетат",текстиль,черный
https://a.lmcdn.ru/img600x866/M/P/MP002XM0BOA9_24618702_2_v1_2x.jpeg,MP002XM0BOA9,Низкие ботинки,демисезон,"резина, этиленвинилацетат",текстиль,черный
https://a.lmcdn.ru/img600x866/M/P/MP002XM0BOA9_24618699_3_v1_2x.jpeg,MP002XM0BOA9,Низкие ботинки,демисезон,"резина, этиленвинилацетат",текстиль,черный
https://a.lmcdn.ru/img600x866/M/P/MP002XM0BOA9_24618707_4_v1_2x.jpeg,MP002XM0BOA9,Низкие ботинки,демисезон,"резина, этиленвинилацетат",текстиль,черный
https://a.lmcdn.ru/img600x866/M/P/MP002XM0BOA9_24618709_5_v1_2x.jpeg,MP002XM0BOA9,Низкие ботинки,демисезон,"резина, этиленвинилацетат",текстиль,черный
https://a.lmcdn.ru/img600x866/M/P/MP002XM0X6DK_20666550_1_v1.jpg,MP002XM0X6DK,Высокие ботинки,демисезон,резина,натуральная кожа,коричневый
https://a.lmcdn.ru/img600x866/M/P/MP002XM0X6DK_20666551_2_v1.jpg,MP002XM0X6DK,Высокие ботинки,демисезон,резина,натуральная кожа,коричневый
https://a.lmcdn.ru/img600x866/M/P/MP002XM0X6DK_20666552_3_v1.jpg,MP002XM0X6DK,Высокие ботинки,демисезон,резина,натуральная кожа,коричневый
https://a.lmcdn.ru/img600x866/M/P/MP002XM0X6DK_20666553_4_v1.jpg,MP002XM0X6DK,Высокие ботинки,демисезон,резина,натуральная кожа,коричневый
https://a.lmcdn.ru/img600x866/M/P/MP002XM0X6DK_20666554_5_v1.jpg,MP002XM0X6DK,Высокие ботинки,демисезон,резина,натуральная кожа,коричневый
https://a.lmcdn.ru/img600x866/R/T/RTLADS341601_24457023_1_v1.jpg,RTLADS341601,Низкие ботинки,зима,термопластичная резина,искусственная кожа,серый
https://a.lmcdn.ru/img600x866/R/T/RTLADS341601_24457024_2_v1.jpg,RTLADS341601,Низкие ботинки,зима,термопластичная резина,искусственная кожа,серый
https://a.lmcdn.ru/img600x866/R/T/RTLADS341601_24457025_3_v1.jpg,RTLADS341601,Низкие ботинки,зима,термопластичная резина,искусственная кожа,серый
https://a.lmcdn.ru/img600x866/R/T/RTLADS341601_24457026_4_v1.jpg,RTLADS341601,Низкие ботинки,зима,термопластичная резина,искусственная кожа,серый
https://a.lmcdn.ru/img600x866/R/T/RTLADS341601_24457027_5_v1.jpg,RTLADS341601,Низкие ботинки,зима,термопластичная резина,искусственная кожа,серый
https://a.lmcdn.ru/img600x866/M/P/MP002XM1ZKES_12658705_1_v2.jpg,MP002XM1ZKES,Тимберленды и др.,демисезон,термоэластопласт,искусственная кожа,зеленый
https://a.lmcdn.ru/img600x866/M/P/MP002XM1ZKES_12658706_2_v1.jpg,MP002XM1ZKES,Тимберленды и др.,демисезон,термоэластопласт,искусственная кожа,зеленый
https://a.lmcdn.ru/img600x866/M/P/MP002XM1ZKES_12658707_3_v1.jpg,MP002XM1ZKES,Тимберленды и др.,демисезон,термоэластопласт,искусственная кожа,зеленый
https://a.lmcdn.ru/img600x866/M/P/MP002XM1ZKES_12658708_4_v1.jpg,MP002XM1ZKES,Тимберленды и др.,демисезон,термоэластопласт,искусственная кожа,зеленый
https://a.lmcdn.ru/img600x866/M/P/MP002XM1ZKES_12658709_5_v1.jpg,MP002XM1ZKES,Тимберленды и др.,демисезон,термоэластопласт,искусственная кожа,зеленый
https://a.lmcdn.ru/img600x866/R/T/RTLACH404501_18905511_1_v1_2x.jpg,RTLACH404501,Высокие ботинки,"демисезон, зима",искусственный материал,натуральная замша,коричневый
https://a.lmcdn.ru/img600x866/R/T/RTLACH404501_18905512_2_v1_2x.jpg,RTLACH404501,Высокие ботинки,"демисезон, зима",искусственный материал,натуральная замша,коричневый
https://a.lmcdn.ru/img600x866/R/T/RTLACH404501_18905513_3_v1_2x.jpg,RTLACH404501,Высокие ботинки,"демисезон, зима",искусственный материал,натуральная замша,коричневый
https://a.lmcdn.ru/img600x866/R/T/RTLACH404501_18905514_4_v1_2x.jpg,RTLACH404501,Высокие ботинки,"демисезон, зима",искусственный материал,натуральная замша,коричневый
https://a.lmcdn.ru/img600x866/R/T/RTLACH404501_18905515_5_v1_2x.jpg,RTLACH404501,Высокие ботинки,"демисезон, зима",искусственный материал,натуральная замша,коричневый
https://a.lmcdn.ru/img600x866/M/P/MP002XM24YGB_11962251_1_v3.jpg,MP002XM24YGB,Высокие ботинки,демисезон,термополиуретан,натуральная кожа,черный
https://a.lmcdn.ru/img600x866/M/P/MP002XM24YGB_11962252_2_v2.jpg,MP002XM24YGB,Высокие ботинки,демисезон,термополиуретан,натуральная кожа,черный
https://a.lmcdn.ru/img600x866/M/P/MP002XM24YGB_11962253_3_v2.jpg,MP002XM24YGB,Высокие ботинки,демисезон,термополиуретан,натуральная кожа,черный
https://a.lmcdn.ru/img600x866/M/P/MP002XM24YGB_11962254_4_v2.jpg,MP002XM24YGB,Высокие ботинки,демисезон,термополиуретан,натуральная кожа,черный
https://a.lmcdn.ru/img600x866/M/P/MP002XM24YGB_11962255_5_v2.jpg,MP002XM24YGB,Высокие ботинки,демисезон,термополиуретан,натуральная кожа,черный
https://a.lmcdn.ru/img600x866/R/T/RTLADE361001_25023094_1_v1.jpg,RTLADE361001,Ботинки,"демисезон, зима",Не указано,"натуральная кожа, текстиль",бежевый
https://a.lmcdn.ru/img600x866/R/T/RTLADE361001_25023095_2_v1.jpg,RTLADE361001,Ботинки,"демисезон, зима",Не указано,"натуральная кожа, текстиль",бежевый
https://a.lmcdn.ru/img600x866/R/T/RTLADE361001_25023096_3_v1.jpg,RTLADE361001,Ботинки,"демисезон, зима",Не указано,"натуральная кожа, текстиль",бежевый
https://a.lmcdn.ru/img600x866/R/T/RTLADE361001_25023097_4_v1.jpg,RTLADE361001,Ботинки,"демисезон, зима",Не указано,"натуральная кожа, текстиль",бежевый
https://a.lmcdn.ru/img600x866/R/T/RTLADE361001_25023098_5_v1.jpg,RTLADE361001,Ботинки,"демисезон, зима",Не указано,"натуральная кожа, текстиль",бежевый
https://a.lmcdn.ru/img600x866/M/P/MP002XM0VKLE_22231081_1_v1.jpg,MP002XM0VKLE,Высокие ботинки,демисезон,резина,натуральная кожа,черный
https://a.lmcdn.ru/img600x866/M/P/MP002XM0VKLE_22231082_2_v1.jpg,MP002XM0VKLE,Высокие ботинки,демисезон,резина,натуральная кожа,черный
https://a.lmcdn.ru/img600x866/M/P/MP002XM0VKLE_22231083_3_v1.jpg,MP002XM0VKLE,Высокие ботинки,демисезон,резина,натуральная кожа,черный
https://a.lmcdn.ru/img600x866/M/P/MP002XM0VKLE_22231084_4_v1.jpg,MP002XM0VKLE,Высокие ботинки,демисезон,резина,натуральная кожа,черный
https://a.lmcdn.ru/img600x866/M/P/MP002XM0VKLE_22231085_5_v1.jpg,MP002XM0VKLE,Высокие ботинки,демисезон,резина,натуральная кожа,черный
https://a.lmcdn.ru/img600x866/M/P/MP002XM1HVQ6_15940508_1_v1.jpg,MP002XM1HVQ6,Высокие ботинки,зима,термоэластопласт,натуральная кожа,синий
https://a.lmcdn.ru/img600x866/M/P/MP002XM1HVQ6_15940509_2_v1.jpg,MP002XM1HVQ6,Высокие ботинки,зима,термоэластопласт,натуральная кожа,синий
https://a.lmcdn.ru/img600x866/M/P/MP002XM1HVQ6_15940510_3_v1.jpg,MP002XM1HVQ6,Высокие ботинки,зима,термоэластопласт,натуральная кожа,синий
https://a.lmcdn.ru/img600x866/M/P/MP002XM1HVQ6_15940511_4_v1.jpg,MP002XM1HVQ6,Высокие ботинки,зима,термоэластопласт,натуральная кожа,синий
https://a.lmcdn.ru/img600x866/M/P/MP002XM1HVQ6_15940512_5_v1.jpg,MP002XM1HVQ6,Высокие ботинки,зима,термоэластопласт,натуральная кожа,синий
https://a.lmcdn.ru/img600x866/M/P/MP002XM1HVQ6_15940513_6_v1.jpg,MP002XM1HVQ6,Высокие ботинки,зима,термоэластопласт,натуральная кожа,синий
https://a.lmcdn.ru/img600x866/R/T/RTLADS961501_24679784_1_v1.jpg,RTLADS961501,Ботинки,мульти,резина,полиэстер,бежевый
https://a.lmcdn.ru/img600x866/R/T/RTLADS961501_24679789_2_v1.jpg,RTLADS961501,Ботинки,мульти,резина,полиэстер,бежевый
https://a.lmcdn.ru/img600x866/R/T/RTLADS961501_24679791_3_v1.jpg,RTLADS961501,Ботинки,мульти,резина,полиэстер,бежевый
https://a.lmcdn.ru/img600x866/R/T/RTLADS961501_24679793_4_v1.jpg,RTLADS961501,Ботинки,мульти,резина,полиэстер,бежевый
https://a.lmcdn.ru/img600x866/R/T/RTLADS961501_24679797_5_v1.jpg,RTLADS961501,Ботинки,мульти,резина,полиэстер,бежевый
https://a.lmcdn.ru/img600x866/R/T/RTLACD895701_18545351_1_v1.jpg,RTLACD895701,Высокие ботинки,Не указано,резина,натуральный нубук,коричневый
https://a.lmcdn.ru/img600x866/R/T/RTLACD895701_18545352_2_v1.jpg,RTLACD895701,Высокие ботинки,Не указано,резина,натуральный нубук,коричневый
https://a.lmcdn.ru/img600x866/R/T/RTLACD895701_18545353_3_v1.jpg,RTLACD895701,Высокие ботинки,Не указано,резина,натуральный нубук,коричневый
https://a.lmcdn.ru/img600x866/R/T/RTLACD895701_18545354_4_v1.jpg,RTLACD895701,Высокие ботинки,Не указано,резина,натуральный нубук,коричневый
https://a.lmcdn.ru/img600x866/R/T/RTLACD895701_18545355_5_v1.jpg,RTLACD895701,Высокие ботинки,Не указано,резина,натуральный нубук,коричневый
https://a.lmcdn.ru/img600x866/M/P/MP002XM0SX24_21197551_1_v1_2x.jpeg,MP002XM0SX24,Высокие ботинки,зима,резина,"натуральная кожа, натуральный нубук",коричневый
https://a.lmcdn.ru/img600x866/M/P/MP002XM0SX24_21197561_2_v1_2x.jpeg,MP002XM0SX24,Высокие ботинки,зима,резина,"натуральная кожа, натуральный нубук",коричневый
https://a.lmcdn.ru/img600x866/M/P/MP002XM0SX24_21197568_3_v1_2x.jpeg,MP002XM0SX24,Высокие ботинки,зима,резина,"натуральная кожа, натуральный нубук",коричневый
https://a.lmcdn.ru/img600x866/M/P/MP002XM0SX24_21197591_4_v1_2x.jpeg,MP002XM0SX24,Высокие ботинки,зима,резина,"натуральная кожа, натуральный нубук",коричневый
https://a.lmcdn.ru/img600x866/M/P/MP002XM0SX24_21197578_5_v1_2x.jpeg,MP002XM0SX24,Высокие ботинки,зима,резина,"натуральная кожа, натуральный нубук",коричневый
https://a.lmcdn.ru/img600x866/M/P/MP002XM0SX24_21197585_6_v1_2x.jpeg,MP002XM0SX24,Высокие ботинки,зима,резина,"натуральная кожа, натуральный нубук",коричневый
https://a.lmcdn.ru/img600x866/M/P/MP002XM163Y8_19073197_1_v2.jpg,MP002XM163Y8,Высокие ботинки,демисезон,ПВХ,натуральная кожа,черный
https://a.lmcdn.ru/img600x866/M/P/MP002XM163Y8_19073198_2_v2.jpg,MP002XM163Y8,Высокие ботинки,демисезон,ПВХ,натуральная кожа,черный
https://a.lmcdn.ru/img600x866/M/P/MP002XM163Y8_19073199_3_v2.jpg,MP002XM163Y8,Высокие ботинки,демисезон,ПВХ,натуральная кожа,черный
https://a.lmcdn.ru/img600x866/M/P/MP002XM163Y8_19073200_4_v2.jpg,MP002XM163Y8,Высокие ботинки,демисезон,ПВХ,натуральная кожа,черный
https://a.lmcdn.ru/img600x866/M/P/MP002XM163Y8_19073201_5_v2.jpg,MP002XM163Y8,Высокие ботинки,демисезон,ПВХ,натуральная кожа,черный
https://a.lmcdn.ru/img600x866/M/P/MP002XM163Y8_19073202_6_v2.jpg,MP002XM163Y8,Высокие ботинки,демисезон,ПВХ,натуральная кожа,черный
https://a.lmcdn.ru/img600x866/M/P/MP002XM0015D_20523718_1_v1.jpg,MP002XM0015D,Ботинки,"демисезон, зима","резина, термополиуретан, этиленвинилацетат","искусственная кожа, полиэстер",черный
https://a.lmcdn.ru/img600x866/M/P/MP002XM0015D_20523719_2_v1.jpg,MP002XM0015D,Ботинки,"демисезон, зима","резина, термополиуретан, этиленвинилацетат","искусственная кожа, полиэстер",черный
https://a.lmcdn.ru/img600x866/M/P/MP002XM0015D_20523720_3_v1.jpg,MP002XM0015D,Ботинки,"демисезон, зима","резина, термополиуретан, этиленвинилацетат","искусственная кожа, полиэстер",черный
https://a.lmcdn.ru/img600x866/M/P/MP002XM0015D_20523721_4_v1.jpg,MP002XM0015D,Ботинки,"демисезон, зима","резина, термополиуретан, этиленвинилацетат","искусственная кожа, полиэстер",черный
https://a.lmcdn.ru/img600x866/M/P/MP002XM0015D_20523722_5_v1.jpg,MP002XM0015D,Ботинки,"демисезон, зима","резина, термополиуретан, этиленвинилацетат","искусственная кожа, полиэстер",черный
https://a.lmcdn.ru/img600x866/R/T/RTLACY198901_21719375_1_v1.jpg,RTLACY198901,Ботинки,демисезон,резина,полимер,черный
https://a.lmcdn.ru/img600x866/R/T/RTLACY198901_21719376_2_v1.jpg,RTLACY198901,Ботинки,демисезон,резина,полимер,черный
https://a.lmcdn.ru/img600x866/R/T/RTLACY198901_21719377_3_v1.jpg,RTLACY198901,Ботинки,демисезон,резина,полимер,черный
https://a.lmcdn.ru/img600x866/R/T/RTLACY198901_21719378_4_v1.jpg,RTLACY198901,Ботинки,демисезон,резина,полимер,черный
https://a.lmcdn.ru/img600x866/R/T/RTLACY198901_21719379_5_v1.jpg,RTLACY198901,Ботинки,демисезон,резина,полимер,черный
https://a.lmcdn.ru/img600x866/R/T/RTLACD895501_18545547_1_v1.jpg,RTLACD895501,Высокие ботинки,Не указано,искусственный материал,натуральная кожа,черный
https://a.lmcdn.ru/img600x866/R/T/RTLACD895501_18545548_2_v1.jpg,RTLACD895501,Высокие ботинки,Не указано,искусственный материал,натуральная кожа,черный
https://a.lmcdn.ru/img600x866/R/T/RTLACD895501_18545549_3_v1.jpg,RTLACD895501,Высокие ботинки,Не указано,искусственный материал,натуральная кожа,черный
https://a.lmcdn.ru/img600x866/R/T/RTLACD895501_18545550_4_v1.jpg,RTLACD895501,Высокие ботинки,Не указано,искусственный материал,натуральная кожа,черный
https://a.lmcdn.ru/img600x866/R/T/RTLACD895501_18545551_5_v1.jpg,RTLACD895501,Высокие ботинки,Не указано,искусственный материал,натуральная кожа,черный
https://a.lmcdn.ru/img600x866/M/P/MP002XM0VKKN_22227620_1_v1.jpg,MP002XM0VKKN,Высокие ботинки,демисезон,резина,натуральная кожа,коричневый
https://a.lmcdn.ru/img600x866/M/P/MP002XM0VKKN_22227621_2_v1.jpg,MP002XM0VKKN,Высокие ботинки,демисезон,резина,натуральная кожа,коричневый
https://a.lmcdn.ru/img600x866/M/P/MP002XM0VKKN_22227622_3_v1.jpg,MP002XM0VKKN,Высокие ботинки,демисезон,резина,натуральная кожа,коричневый
https://a.lmcdn.ru/img600x866/M/P/MP002XM0VKKN_22227623_4_v1.jpg,MP002XM0VKKN,Высокие ботинки,демисезон,резина,натуральная кожа,коричневый
https://a.lmcdn.ru/img600x866/M/P/MP002XM0VKKN_22227624_5_v1.jpg,MP002XM0VKKN,Высокие ботинки,демисезон,резина,натуральная кожа,коричневый
https://a.lmcdn.ru/img600x866/M/P/MP002XM1U949_21047147_1_v1.jpg,MP002XM1U949,Ботинки,зима,"резина, этиленвинилацетат","искусственная кожа, полиэстер",черный
https://a.lmcdn.ru/img600x866/M/P/MP002XM1U949_21047148_2_v1.jpg,MP002XM1U949,Ботинки,зима,"резина, этиленвинилацетат","искусственная кожа, полиэстер",черный
https://a.lmcdn.ru/img600x866/M/P/MP002XM1U949_21047149_3_v1.jpg,MP002XM1U949,Ботинки,зима,"резина, этиленвинилацетат","искусственная кожа, полиэстер",черный
https://a.lmcdn.ru/img600x866/M/P/MP002XM1U949_21047150_4_v1.jpg,MP002XM1U949,Ботинки,зима,"резина, этиленвинилацетат","искусственная кожа, полиэстер",черный
https://a.lmcdn.ru/img600x866/M/P/MP002XM1U949_21047151_5_v1.jpg,MP002XM1U949,Ботинки,зима,"резина, этиленвинилацетат","искусственная кожа, полиэстер",черный
https://a.lmcdn.ru/img600x866/R/T/RTLADQ480901_24607162_1_v1.jpg,RTLADQ480901,Ботинки,демисезон,резина,"текстиль, термополиуретан",хаки
https://a.lmcdn.ru/img600x866/R/T/RTLADQ480901_24607163_2_v1.jpg,RTLADQ480901,Ботинки,демисезон,резина,"текстиль, термополиуретан",хаки
https://a.lmcdn.ru/img600x866/R/T/RTLADQ480901_24607164_3_v1.jpg,RTLADQ480901,Ботинки,демисезон,резина,"текстиль, термополиуретан",хаки
https://a.lmcdn.ru/img600x866/R/T/RTLADQ480901_24607165_4_v1.jpg,RTLADQ480901,Ботинки,демисезон,резина,"текстиль, термополиуретан",хаки
https://a.lmcdn.ru/img600x866/R/T/RTLADQ480901_24607166_5_v1.jpg,RTLADQ480901,Ботинки,демисезон,резина,"текстиль, термополиуретан",хаки
https://a.lmcdn.ru/img600x866/M/P/MP002XM09M9L_15486022_1_v2.jpg,MP002XM09M9L,Высокие ботинки,зима,резина,натуральный велюр,коричневый
https://a.lmcdn.ru/img600x866/M/P/MP002XM09M9L_15486023_2_v1.jpg,MP002XM09M9L,Высокие ботинки,зима,резина,натуральный велюр,коричневый
https://a.lmcdn.ru/img600x866/M/P/MP002XM09M9L_15486024_3_v1.jpg,MP002XM09M9L,Высокие ботинки,зима,резина,натуральный велюр,коричневый
https://a.lmcdn.ru/img600x866/M/P/MP002XM09M9L_15486025_4_v1.jpg,MP002XM09M9L,Высокие ботинки,зима,резина,натуральный велюр,коричневый
https://a.lmcdn.ru/img600x866/M/P/MP002XM09M9L_15486026_5_v1.jpg,MP002XM09M9L,Высокие ботинки,зима,резина,натуральный велюр,коричневый
https://a.lmcdn.ru/img600x866/M/P/MP002XM09LDE_15651523_1_v2.jpg,MP002XM09LDE,Трекинговые ботинки,демисезон,термоэластопласт,искусственная кожа,серый
https://a.lmcdn.ru/img600x866/M/P/MP002XM09LDE_15651524_2_v1.jpg,MP002XM09LDE,Трекинговые ботинки,демисезон,термоэластопласт,искусственная кожа,серый
https://a.lmcdn.ru/img600x866/M/P/MP002XM09LDE_15651525_3_v1.jpg,MP002XM09LDE,Трекинговые ботинки,демисезон,термоэластопласт,искусственная кожа,серый
https://a.lmcdn.ru/img600x866/M/P/MP002XM09LDE_15651526_4_v1.jpg,MP002XM09LDE,Трекинговые ботинки,демисезон,термоэластопласт,искусственная кожа,серый
https://a.lmcdn.ru/img600x866/M/P/MP002XM09LDE_15651527_5_v1.jpg,MP002XM09LDE,Трекинговые ботинки,демисезон,термоэластопласт,искусственная кожа,серый
https://a.lmcdn.ru/img600x866/M/P/MP002XM003RP_22351240_1_v1.jpeg,MP002XM003RP,Высокие ботинки,демисезон,резина,полиуретан,черный
https://a.lmcdn.ru/img600x866/M/P/MP002XM003RP_22351241_2_v1.jpeg,MP002XM003RP,Высокие ботинки,демисезон,резина,полиуретан,черный
https://a.lmcdn.ru/img600x866/M/P/MP002XM003RP_22351242_3_v1.jpeg,MP002XM003RP,Высокие ботинки,демисезон,резина,полиуретан,черный
https://a.lmcdn.ru/img600x866/M/P/MP002XM003RP_22351243_4_v1.jpeg,MP002XM003RP,Высокие ботинки,демисезон,резина,полиуретан,черный
https://a.lmcdn.ru/img600x866/M/P/MP002XM003RP_22351244_5_v1.jpeg,MP002XM003RP,Высокие ботинки,демисезон,резина,полиуретан,черный
https://a.lmcdn.ru/img600x866/M/P/MP002XM003RP_22351269_6_v1.jpeg,MP002XM003RP,Высокие ботинки,демисезон,резина,полиуретан,черный
https://a.lmcdn.ru/img600x866/M/P/MP002XM08D1A_17776985_1_v3.jpg,MP002XM08D1A,Мартинсы и др.,демисезон,ПВХ,натуральная кожа,черный
https://a.lmcdn.ru/img600x866/M/P/MP002XM08D1A_17776986_2_v2.jpg,MP002XM08D1A,Мартинсы и др.,демисезон,ПВХ,натуральная кожа,черный
https://a.lmcdn.ru/img600x866/M/P/MP002XM08D1A_17776987_3_v2.jpg,MP002XM08D1A,Мартинсы и др.,демисезон,ПВХ,натуральная кожа,черный
https://a.lmcdn.ru/img600x866/M/P/MP002XM08D1A_17776988_4_v2.jpg,MP002XM08D1A,Мартинсы и др.,демисезон,ПВХ,натуральная кожа,черный
https://a.lmcdn.ru/img600x866/M/P/MP002XM08D1A_17776989_5_v2.jpg,MP002XM08D1A,Мартинсы и др.,демисезон,ПВХ,натуральная кожа,черный
https://a.lmcdn.ru/img600x866/R/T/RTLADV706901_25034563_1_v1.jpg,RTLADV706901,Высокие ботинки,демисезон,термопластичная резина,натуральная кожа,коричневый
https://a.lmcdn.ru/img600x866/R/T/RTLADV706901_25034564_2_v1.jpg,RTLADV706901,Высокие ботинки,демисезон,термопластичная резина,натуральная кожа,коричневый
https://a.lmcdn.ru/img600x866/R/T/RTLADV706901_25034565_3_v1.jpg,RTLADV706901,Высокие ботинки,демисезон,термопластичная резина,натуральная кожа,коричневый
https://a.lmcdn.ru/img600x866/R/T/RTLADV706901_25034566_4_v1.jpg,RTLADV706901,Высокие ботинки,демисезон,термопластичная резина,натуральная кожа,коричневый
https://a.lmcdn.ru/img600x866/R/T/RTLADV706901_25034567_5_v1.jpg,RTLADV706901,Высокие ботинки,демисезон,термопластичная резина,натуральная кожа,коричневый
https://a.lmcdn.ru/img600x866/M/P/MP002XM0X6DJ_20792664_1_v1.jpg,MP002XM0X6DJ,Высокие ботинки,демисезон,резина,натуральная кожа,черный
https://a.lmcdn.ru/img600x866/M/P/MP002XM0X6DJ_20792665_2_v1.jpg,MP002XM0X6DJ,Высокие ботинки,демисезон,резина,натуральная кожа,черный
https://a.lmcdn.ru/img600x866/M/P/MP002XM0X6DJ_20792666_3_v1.jpg,MP002XM0X6DJ,Высокие ботинки,демисезон,резина,натуральная кожа,черный
https://a.lmcdn.ru/img600x866/M/P/MP002XM0X6DJ_20792667_4_v1.jpg,MP002XM0X6DJ,Высокие ботинки,демисезон,резина,натуральная кожа,черный
https://a.lmcdn.ru/img600x866/M/P/MP002XM0X6DJ_20792668_5_v1.jpg,MP002XM0X6DJ,Высокие ботинки,демисезон,резина,натуральная кожа,черный
https://a.lmcdn.ru/img600x866/R/T/RTLABZ842001_18064988_1_v1.jpg,RTLABZ842001,Челси,Не указано,термоэластопласт,натуральная замша,коричневый
https://a.lmcdn.ru/img600x866/R/T/RTLABZ842001_18064989_2_v1.jpg,RTLABZ842001,Челси,Не указано,термоэластопласт,натуральная замша,коричневый
https://a.lmcdn.ru/img600x866/R/T/RTLABZ842001_18064990_3_v1.jpg,RTLABZ842001,Челси,Не указано,термоэластопласт,натуральная замша,коричневый
https://a.lmcdn.ru/img600x866/R/T/RTLABZ842001_18064991_4_v1.jpg,RTLABZ842001,Челси,Не указано,термоэластопласт,натуральная замша,коричневый
https://a.lmcdn.ru/img600x866/R/T/RTLABZ842001_18064992_5_v1.jpg,RTLABZ842001,Челси,Не указано,термоэластопласт,натуральная замша,коричневый
https://a.lmcdn.ru/img600x866/R/T/RTLADS332501_24462078_1_v1.jpg,RTLADS332501,Мартинсы и др.,зима,термопластичная резина,натуральная кожа,черный
https://a.lmcdn.ru/img600x866/R/T/RTLADS332501_24462079_2_v1.jpg,RTLADS332501,Мартинсы и др.,зима,термопластичная резина,натуральная кожа,черный
https://a.lmcdn.ru/img600x866/R/T/RTLADS332501_24462080_3_v1.jpg,RTLADS332501,Мартинсы и др.,зима,термопластичная резина,натуральная кожа,черный
https://a.lmcdn.ru/img600x866/R/T/RTLADS332501_24462081_4_v1.jpg,RTLADS332501,Мартинсы и др.,зима,термопластичная резина,натуральная кожа,черный
https://a.lmcdn.ru/img600x866/R/T/RTLADS332501_24462082_5_v1.jpg,RTLADS332501,Мартинсы и др.,зима,термопластичная резина,натуральная кожа,черный
https://a.lmcdn.ru/img600x866/R/T/RTLADS332501_24462083_6_v1.jpg,RTLADS332501,Мартинсы и др.,зима,термопластичная резина,натуральная кожа,черный
https://a.lmcdn.ru/img600x866/M/P/MP002XM0B4YS_21129198_1_v2.jpg,MP002XM0B4YS,Высокие ботинки,демисезон,резина,натуральный спилок,черный
https://a.lmcdn.ru/img600x866/M/P/MP002XM0B4YS_21129199_2_v2.jpg,MP002XM0B4YS,Высокие ботинки,демисезон,резина,натуральный спилок,черный
https://a.lmcdn.ru/img600x866/M/P/MP002XM0B4YS_21129200_3_v2.jpg,MP002XM0B4YS,Высокие ботинки,демисезон,резина,натуральный спилок,черный
https://a.lmcdn.ru/img600x866/M/P/MP002XM0B4YS_21129201_4_v2.jpg,MP002XM0B4YS,Высокие ботинки,демисезон,резина,натуральный спилок,черный
https://a.lmcdn.ru/img600x866/M/P/MP002XM0B4YS_21129202_5_v2.jpg,MP002XM0B4YS,Высокие ботинки,демисезон,резина,натуральный спилок,черный
https://a.lmcdn.ru/img600x866/M/P/MP002XM0B4YS_21129203_6_v2.jpg,MP002XM0B4YS,Высокие ботинки,демисезон,резина,натуральный спилок,черный
https://a.lmcdn.ru/img600x866/M/P/MP002XM0BK9M_24541020_1_v1.jpg,MP002XM0BK9M,Высокие ботинки,"зима, демисезон",термоэластопласт,натуральная кожа,коричневый
https://a.lmcdn.ru/img600x866/M/P/MP002XM0BK9M_24541021_2_v1.jpg,MP002XM0BK9M,Высокие ботинки,"зима, демисезон",термоэластопласт,натуральная кожа,коричневый
https://a.lmcdn.ru/img600x866/M/P/MP002XM0BK9M_24541022_3_v1.jpg,MP002XM0BK9M,Высокие ботинки,"зима, демисезон",термоэластопласт,натуральная кожа,коричневый
https://a.lmcdn.ru/img600x866/M/P/MP002XM0BK9M_24541023_4_v1.jpg,MP002XM0BK9M,Высокие ботинки,"зима, демисезон",термоэластопласт,натуральная кожа,коричневый
https://a.lmcdn.ru/img600x866/M/P/MP002XM0BK9M_24541024_5_v1.jpg,MP002XM0BK9M,Высокие ботинки,"зима, демисезон",термоэластопласт,натуральная кожа,коричневый
https://a.lmcdn.ru/img600x866/M/P/MP002XM08OXM_18151783_1_v1.jpg,MP002XM08OXM,Высокие ботинки,демисезон,полиуретан,натуральный нубук,черный
https://a.lmcdn.ru/img600x866/M/P/MP002XM08OXM_18151784_2_v1.jpg,MP002XM08OXM,Высокие ботинки,демисезон,полиуретан,натуральный нубук,черный
https://a.lmcdn.ru/img600x866/M/P/MP002XM08OXM_18151785_3_v1.jpg,MP002XM08OXM,Высокие ботинки,демисезон,полиуретан,натуральный нубук,черный
https://a.lmcdn.ru/img600x866/M/P/MP002XM08OXM_18151786_4_v1.jpg,MP002XM08OXM,Высокие ботинки,демисезон,полиуретан,натуральный нубук,черный
https://a.lmcdn.ru/img600x866/M/P/MP002XM08OXM_18151787_5_v1.jpg,MP002XM08OXM,Высокие ботинки,демисезон,полиуретан,натуральный нубук,черный
https://a.lmcdn.ru/img600x866/M/P/MP002XM1RLA6_15278564_1_v1.jpg,MP002XM1RLA6,Высокие ботинки,демисезон,полиуретан,натуральная кожа,черный
https://a.lmcdn.ru/img600x866/M/P/MP002XM1RLA6_15278565_2_v1.jpg,MP002XM1RLA6,Высокие ботинки,демисезон,полиуретан,натуральная кожа,черный
https://a.lmcdn.ru/img600x866/M/P/MP002XM1RLA6_15278566_3_v1.jpg,MP002XM1RLA6,Высокие ботинки,демисезон,полиуретан,натуральная кожа,черный
https://a.lmcdn.ru/img600x866/M/P/MP002XM1RLA6_15278567_4_v1.jpg,MP002XM1RLA6,Высокие ботинки,демисезон,полиуретан,натуральная кожа,черный
https://a.lmcdn.ru/img600x866/M/P/MP002XM1RLA6_15278568_5_v1.jpg,MP002XM1RLA6,Высокие ботинки,демисезон,полиуретан,натуральная кожа,черный
https://a.lmcdn.ru/img600x866/M/P/MP002XM12GUK_21239257_1_v1.jpeg,MP002XM12GUK,Ботинки,демисезон,"резина, этиленвинилацетат","искусственная кожа, натуральная кожа, полиэстер",оранжевый
https://a.lmcdn.ru/img600x866/M/P/MP002XM12GUK_21239250_2_v1.jpeg,MP002XM12GUK,Ботинки,демисезон,"резина, этиленвинилацетат","искусственная кожа, натуральная кожа, полиэстер",оранжевый
https://a.lmcdn.ru/img600x866/M/P/MP002XM12GUK_21239261_3_v1.jpeg,MP002XM12GUK,Ботинки,демисезон,"резина, этиленвинилацетат","искусственная кожа, натуральная кожа, полиэстер",оранжевый
https://a.lmcdn.ru/img600x866/M/P/MP002XM12GUK_21239278_4_v1.jpeg,MP002XM12GUK,Ботинки,демисезон,"резина, этиленвинилацетат","искусственная кожа, натуральная кожа, полиэстер",оранжевый
https://a.lmcdn.ru/img600x866/M/P/MP002XM12GUK_21239289_5_v1.jpeg,MP002XM12GUK,Ботинки,демисезон,"резина, этиленвинилацетат","искусственная кожа, натуральная кожа, полиэстер",оранжевый
https://a.lmcdn.ru/img600x866/M/P/MP002XM12GUK_21239267_6_v1.jpeg,MP002XM12GUK,Ботинки,демисезон,"резина, этиленвинилацетат","искусственная кожа, натуральная кожа, полиэстер",оранжевый
https://a.lmcdn.ru/img600x866/M/P/MP002XM0BXAH_25230538_1_v1.jpg,MP002XM0BXAH,Высокие ботинки,демисезон,резина,"войлок, натуральный нубук",коричневый
https://a.lmcdn.ru/img600x866/M/P/MP002XM0BXAH_25230539_2_v1.jpg,MP002XM0BXAH,Высокие ботинки,демисезон,резина,"войлок, натуральный нубук",коричневый
https://a.lmcdn.ru/img600x866/M/P/MP002XM0BXAH_25230540_3_v1.jpg,MP002XM0BXAH,Высокие ботинки,демисезон,резина,"войлок, натуральный нубук",коричневый
https://a.lmcdn.ru/img600x866/M/P/MP002XM0BXAH_25230541_4_v1.jpg,MP002XM0BXAH,Высокие ботинки,демисезон,резина,"войлок, натуральный нубук",коричневый
https://a.lmcdn.ru/img600x866/M/P/MP002XM0BXAH_25230542_5_v1.jpg,MP002XM0BXAH,Высокие ботинки,демисезон,резина,"войлок, натуральный нубук",коричневый
https://a.lmcdn.ru/img600x866/M/P/MP002XM0BXBI_25168062_1_v1.jpg,MP002XM0BXBI,Тимберленды и др.,зима,резина,натуральная замша,коричневый
https://a.lmcdn.ru/img600x866/M/P/MP002XM0BXBI_25168063_2_v1.jpg,MP002XM0BXBI,Тимберленды и др.,зима,резина,натуральная замша,коричневый
https://a.lmcdn.ru/img600x866/M/P/MP002XM0BXBI_25168064_3_v1.jpg,MP002XM0BXBI,Тимберленды и др.,зима,резина,натуральная замша,коричневый
https://a.lmcdn.ru/img600x866/M/P/MP002XM0BXBI_25168065_4_v1.jpg,MP002XM0BXBI,Тимберленды и др.,зима,резина,натуральная замша,коричневый
https://a.lmcdn.ru/img600x866/M/P/MP002XM0BXBI_25168066_5_v1.jpg,MP002XM0BXBI,Тимберленды и др.,зима,резина,натуральная замша,коричневый
https://a.lmcdn.ru/img600x866/M/P/MP002XM0BKAH_24540565_1_v1.jpg,MP002XM0BKAH,Высокие ботинки,зима,термоэластопласт,натуральная кожа,черный
https://a.lmcdn.ru/img600x866/M/P/MP002XM0BKAH_24540566_2_v1.jpg,MP002XM0BKAH,Высокие ботинки,зима,термоэластопласт,натуральная кожа,черный
https://a.lmcdn.ru/img600x866/M/P/MP002XM0BKAH_24540567_3_v1.jpg,MP002XM0BKAH,Высокие ботинки,зима,термоэластопласт,натуральная кожа,черный
https://a.lmcdn.ru/img600x866/M/P/MP002XM0BKAH_24540568_4_v1.jpg,MP002XM0BKAH,Высокие ботинки,зима,термоэластопласт,натуральная кожа,черный
https://a.lmcdn.ru/img600x866/M/P/MP002XM0BKAH_24540569_5_v1.jpg,MP002XM0BKAH,Высокие ботинки,зима,термоэластопласт,натуральная кожа,черный
https://a.lmcdn.ru/img600x866/M/P/MP002XM0BUIR_25047357_1_v1.jpg,MP002XM0BUIR,Ботинки,зима,ПВХ,"искусственная кожа, текстиль",черный
https://a.lmcdn.ru/img600x866/M/P/MP002XM0BUIR_25047358_2_v1.jpg,MP002XM0BUIR,Ботинки,зима,ПВХ,"искусственная кожа, текстиль",черный
https://a.lmcdn.ru/img600x866/M/P/MP002XM0BUIR_25047359_3_v1.jpg,MP002XM0BUIR,Ботинки,зима,ПВХ,"искусственная кожа, текстиль",черный
https://a.lmcdn.ru/img600x866/M/P/MP002XM0BUIR_25047360_4_v1.jpg,MP002XM0BUIR,Ботинки,зима,ПВХ,"искусственная кожа, текстиль",черный
https://a.lmcdn.ru/img600x866/M/P/MP002XM0BUIR_25047361_5_v1.jpg,MP002XM0BUIR,Ботинки,зима,ПВХ,"искусственная кожа, текстиль",черный
https://a.lmcdn.ru/img600x866/R/T/RTLADA259201_21324797_1_v1.jpg,RTLADA259201,Высокие ботинки,зима,Не указано,Не указано,черный
https://a.lmcdn.ru/img600x866/R/T/RTLADA259201_21324798_2_v1.jpg,RTLADA259201,Высокие ботинки,зима,Не указано,Не указано,черный
https://a.lmcdn.ru/img600x866/R/T/RTLADA259201_21324799_3_v1.jpg,RTLADA259201,Высокие ботинки,зима,Не указано,Не указано,черный
https://a.lmcdn.ru/img600x866/R/T/RTLADA259201_21324800_4_v1.jpg,RTLADA259201,Высокие ботинки,зима,Не указано,Не указано,черный
https://a.lmcdn.ru/img600x866/R/T/RTLADA259201_21324801_5_v1.jpg,RTLADA259201,Высокие ботинки,зима,Не указано,Не указано,черный
https://a.lmcdn.ru/img600x866/R/T/RTLADS333001_24463581_1_v1.jpg,RTLADS333001,Тимберленды и др.,зима,резина,натуральная кожа,коричневый
https://a.lmcdn.ru/img600x866/R/T/RTLADS333001_24463582_2_v1.jpg,RTLADS333001,Тимберленды и др.,зима,резина,натуральная кожа,коричневый
https://a.lmcdn.ru/img600x866/R/T/RTLADS333001_24463583_3_v1.jpg,RTLADS333001,Тимберленды и др.,зима,резина,натуральная кожа,коричневый
https://a.lmcdn.ru/img600x866/R/T/RTLADS333001_24463584_4_v1.jpg,RTLADS333001,Тимберленды и др.,зима,резина,натуральная кожа,коричневый
https://a.lmcdn.ru/img600x866/R/T/RTLADS333001_24463585_5_v1.jpg,RTLADS333001,Тимберленды и др.,зима,резина,натуральная кожа,коричневый
https://a.lmcdn.ru/img600x866/M/P/MP002XM0BB5A_24144162_1_v1.jpg,MP002XM0BB5A,Высокие ботинки,зима,термопластичная резина,"натуральная кожа, натуральный нубук",черный
https://a.lmcdn.ru/img600x866/M/P/MP002XM0BB5A_24144163_2_v1.jpg,MP002XM0BB5A,Высокие ботинки,зима,термопластичная резина,"натуральная кожа, натуральный нубук",черный
https://a.lmcdn.ru/img600x866/M/P/MP002XM0BB5A_24144164_3_v1.jpg,MP002XM0BB5A,Высокие ботинки,зима,термопластичная резина,"натуральная кожа, натуральный нубук",черный
https://a.lmcdn.ru/img600x866/M/P/MP002XM0BB5A_24144165_4_v1.jpg,MP002XM0BB5A,Высокие ботинки,зима,термопластичная резина,"натуральная кожа, натуральный нубук",черный
https://a.lmcdn.ru/img600x866/M/P/MP002XM0BB5A_24144166_5_v1.jpg,MP002XM0BB5A,Высокие ботинки,зима,термопластичная резина,"натуральная кожа, натуральный нубук",черный
https://a.lmcdn.ru/img600x866/M/P/MP002XM0BHM4_24977462_1_v1.jpg,MP002XM0BHM4,Тимберленды и др.,зима,резина,натуральная кожа,коричневый
https://a.lmcdn.ru/img600x866/M/P/MP002XM0BHM4_24977463_2_v1.jpg,MP002XM0BHM4,Тимберленды и др.,зима,резина,натуральная кожа,коричневый
https://a.lmcdn.ru/img600x866/M/P/MP002XM0BHM4_24977464_3_v1.jpg,MP002XM0BHM4,Тимберленды и др.,зима,резина,натуральная кожа,коричневый
https://a.lmcdn.ru/img600x866/M/P/MP002XM0BHM4_24977466_4_v1.jpg,MP002XM0BHM4,Тимберленды и др.,зима,резина,натуральная кожа,коричневый
https://a.lmcdn.ru/img600x866/M/P/MP002XM0BHM4_24977467_5_v1.jpg,MP002XM0BHM4,Тимберленды и др.,зима,резина,натуральная кожа,коричневый
https://a.lmcdn.ru/img600x866/M/P/MP002XM0BHM4_24977468_6_v1.jpg,MP002XM0BHM4,Тимберленды и др.,зима,резина,натуральная кожа,коричневый
https://a.lmcdn.ru/img600x866/M/P/MP002XM0B13G_20716463_1_v1.jpg,MP002XM0B13G,Высокие ботинки,демисезон,"полиуретан, резина",натуральный нубук,черный
https://a.lmcdn.ru/img600x866/M/P/MP002XM0B13G_20716464_2_v1.jpg,MP002XM0B13G,Высокие ботинки,демисезон,"полиуретан, резина",натуральный нубук,черный
https://a.lmcdn.ru/img600x866/M/P/MP002XM0B13G_20716465_3_v1.jpg,MP002XM0B13G,Высокие ботинки,демисезон,"полиуретан, резина",натуральный нубук,черный
https://a.lmcdn.ru/img600x866/M/P/MP002XM0B13G_20716466_4_v1.jpg,MP002XM0B13G,Высокие ботинки,демисезон,"полиуретан, резина",натуральный нубук,черный
https://a.lmcdn.ru/img600x866/M/P/MP002XM0B13G_20716467_5_v1.jpg,MP002XM0B13G,Высокие ботинки,демисезон,"полиуретан, резина",натуральный нубук,черный
https://a.lmcdn.ru/img600x866/M/P/MP002XM0BKBC_24542665_1_v1.jpg,MP002XM0BKBC,Высокие ботинки,зима,термоэластопласт,натуральная кожа,черный
https://a.lmcdn.ru/img600x866/M/P/MP002XM0BKBC_24542666_2_v1.jpg,MP002XM0BKBC,Высокие ботинки,зима,термоэластопласт,натуральная кожа,черный
https://a.lmcdn.ru/img600x866/M/P/MP002XM0BKBC_24542667_3_v1.jpg,MP002XM0BKBC,Высокие ботинки,зима,термоэластопласт,натуральная кожа,черный
https://a.lmcdn.ru/img600x866/M/P/MP002XM0BKBC_24542668_4_v1.jpg,MP002XM0BKBC,Высокие ботинки,зима,термоэластопласт,натуральная кожа,черный
https://a.lmcdn.ru/img600x866/M/P/MP002XM0BKBC_24542669_5_v1.jpg,MP002XM0BKBC,Высокие ботинки,зима,термоэластопласт,натуральная кожа,черный
https://a.lmcdn.ru/img600x866/M/P/MP002XM08D1B_17779332_1_v2.jpg,MP002XM08D1B,Мартинсы и др.,демисезон,ПВХ,натуральная кожа,коричневый
https://a.lmcdn.ru/img600x866/M/P/MP002XM08D1B_17779333_2_v1.jpg,MP002XM08D1B,Мартинсы и др.,демисезон,ПВХ,натуральная кожа,коричневый
https://a.lmcdn.ru/img600x866/M/P/MP002XM08D1B_17779334_3_v1.jpg,MP002XM08D1B,Мартинсы и др.,демисезон,ПВХ,натуральная кожа,коричневый
https://a.lmcdn.ru/img600x866/M/P/MP002XM08D1B_17779335_4_v1.jpg,MP002XM08D1B,Мартинсы и др.,демисезон,ПВХ,натуральная кожа,коричневый
https://a.lmcdn.ru/img600x866/M/P/MP002XM08D1B_17779336_5_v1.jpg,MP002XM08D1B,Мартинсы и др.,демисезон,ПВХ,натуральная кожа,коричневый
