image_url,id,Категория,Сезон,Цвет,Узор,Фасон,Тип ткани,Посадка,Застежка,Детали,Флисовая подкладка,Внешние карманы,"Материал подкладки, %","Состав, %"
https://a.lmcdn.ru/img600x866/M/P/MP002XW0JL09_20888891_1_v1_2x.jpg,MP002XW0JL09,Боди c длинным рукавом,мульти,Не указано,Не указано,Не указано,трикотаж,Не указано,Не указано,Не указано,Не указано,Не указано,Не указано,"Хлопок - 92%, Эластан - 8%"
https://a.lmcdn.ru/img600x866/M/P/MP002XW0JL09_20888892_2_v1_2x.jpg,MP002XW0JL09,Боди c длинным рукавом,мульти,Не указано,Не указано,Не указано,трикотаж,Не указано,Не указано,Не указано,Не указано,Не указано,Не указано,"Хлопок - 92%, Эластан - 8%"
https://a.lmcdn.ru/img600x866/M/P/MP002XW0JL09_20888893_3_v1_2x.jpg,MP002XW0JL09,Боди c длинным рукавом,мульти,Не указано,Не указано,Не указано,трикотаж,Не указано,Не указано,Не указано,Не указано,Не указано,Не указано,"Хлопок - 92%, Эластан - 8%"
https://a.lmcdn.ru/img600x866/M/P/MP002XW0JL09_20879833_9_v1.jpg,MP002XW0JL09,Боди c длинным рукавом,мульти,Не указано,Не указано,Не указано,трикотаж,Не указано,Не указано,Не указано,Не указано,Не указано,Не указано,"Хлопок - 92%, Эластан - 8%"
https://a.lmcdn.ru/img600x866/M/P/MP002XW17XGL_24607674_1_v1_2x.jpg,MP002XW17XGL,Боди с коротким рукавом,мульти,черный,Не указано,Не указано,трикотаж,Не указано,Не указано,Не указано,Не указано,Не указано,Не указано,"Полиэстер - 96%, Эластан - 4%"
https://a.lmcdn.ru/img600x866/M/P/MP002XW17XGL_24607675_2_v1_2x.jpg,MP002XW17XGL,Боди с коротким рукавом,мульти,черный,Не указано,Не указано,трикотаж,Не указано,Не указано,Не указано,Не указано,Не указано,Не указано,"Полиэстер - 96%, Эластан - 4%"
https://a.lmcdn.ru/img600x866/R/T/RTLADU305601_24701068_1_v1.jpg,RTLADU305601,Боди c длинным рукавом,мульти,черный,однотонный,Не указано,сетка,Не указано,кнопки,"кружево, прозрачность",Не указано,Не указано,Не указано,"Вискоза - 95%, Эластан - 5%"
https://a.lmcdn.ru/img600x866/R/T/RTLADU305601_24701077_2_v1.jpg,RTLADU305601,Боди c длинным рукавом,мульти,черный,однотонный,Не указано,сетка,Не указано,кнопки,"кружево, прозрачность",Не указано,Не указано,Не указано,"Вискоза - 95%, Эластан - 5%"
https://a.lmcdn.ru/img600x866/R/T/RTLADU305601_24701079_3_v1.jpg,RTLADU305601,Боди c длинным рукавом,мульти,черный,однотонный,Не указано,сетка,Не указано,кнопки,"кружево, прозрачность",Не указано,Не указано,Не указано,"Вискоза - 95%, Эластан - 5%"
https://a.lmcdn.ru/img600x866/R/T/RTLADU305601_24701085_4_v1.jpg,RTLADU305601,Боди c длинным рукавом,мульти,черный,однотонный,Не указано,сетка,Не указано,кнопки,"кружево, прозрачность",Не указано,Не указано,Не указано,"Вискоза - 95%, Эластан - 5%"
https://a.lmcdn.ru/img600x866/M/P/MP002XW00GY3_23902049_1_v1_2x.jpg,MP002XW00GY3,Боди c длинным рукавом,мульти,Не указано,Не указано,Не указано,трикотаж,Не указано,Не указано,Не указано,Не указано,Не указано,Не указано,"Хлопок - 95%, Эластан - 5%"
https://a.lmcdn.ru/img600x866/M/P/MP002XW00GY3_23902050_2_v1_2x.jpg,MP002XW00GY3,Боди c длинным рукавом,мульти,Не указано,Не указано,Не указано,трикотаж,Не указано,Не указано,Не указано,Не указано,Не указано,Не указано,"Хлопок - 95%, Эластан - 5%"
https://a.lmcdn.ru/img600x866/M/P/MP002XW1CDJV_21142960_1_v1_2x.jpeg,MP002XW1CDJV,Боди c длинным рукавом,мульти,черный,Не указано,Не указано,трикотаж,Не указано,Не указано,Не указано,Не указано,Не указано,без подкладки,"Хлопок - 97%, Эластан - 3%"
https://a.lmcdn.ru/img600x866/M/P/MP002XW1CDJV_21142968_2_v1_2x.jpeg,MP002XW1CDJV,Боди c длинным рукавом,мульти,черный,Не указано,Не указано,трикотаж,Не указано,Не указано,Не указано,Не указано,Не указано,без подкладки,"Хлопок - 97%, Эластан - 3%"
https://a.lmcdn.ru/img600x866/M/P/MP002XW1CDJV_21142973_3_v1_2x.jpeg,MP002XW1CDJV,Боди c длинным рукавом,мульти,черный,Не указано,Не указано,трикотаж,Не указано,Не указано,Не указано,Не указано,Не указано,без подкладки,"Хлопок - 97%, Эластан - 3%"
https://a.lmcdn.ru/img600x866/M/P/MP002XW1CDJV_21142978_4_v1_2x.jpeg,MP002XW1CDJV,Боди c длинным рукавом,мульти,черный,Не указано,Не указано,трикотаж,Не указано,Не указано,Не указано,Не указано,Не указано,без подкладки,"Хлопок - 97%, Эластан - 3%"
https://a.lmcdn.ru/img600x866/M/P/MP002XW1CDJV_21142991_5_v1_2x.jpeg,MP002XW1CDJV,Боди c длинным рукавом,мульти,черный,Не указано,Не указано,трикотаж,Не указано,Не указано,Не указано,Не указано,Не указано,без подкладки,"Хлопок - 97%, Эластан - 3%"
https://a.lmcdn.ru/img600x866/M/P/MP002XW1CDJV_21142985_6_v1_2x.jpeg,MP002XW1CDJV,Боди c длинным рукавом,мульти,черный,Не указано,Не указано,трикотаж,Не указано,Не указано,Не указано,Не указано,Не указано,без подкладки,"Хлопок - 97%, Эластан - 3%"
https://a.lmcdn.ru/img600x866/M/P/MP002XW00GX3_23902046_1_v1_2x.jpg,MP002XW00GX3,Боди c длинным рукавом,мульти,Не указано,Не указано,Не указано,трикотаж,Не указано,Не указано,Не указано,Не указано,Не указано,Не указано,"Хлопок - 95%, Эластан - 5%"
https://a.lmcdn.ru/img600x866/M/P/MP002XW00GX3_23902047_2_v1_2x.jpg,MP002XW00GX3,Боди c длинным рукавом,мульти,Не указано,Не указано,Не указано,трикотаж,Не указано,Не указано,Не указано,Не указано,Не указано,Не указано,"Хлопок - 95%, Эластан - 5%"
https://a.lmcdn.ru/img600x866/M/P/MP002XW149GY_24006481_1_v1_2x.jpg,MP002XW149GY,Боди с коротким рукавом,мульти,Не указано,Не указано,Не указано,трикотаж,Не указано,Не указано,Не указано,Не указано,Не указано,Не указано,"Полиэстер - 93%, Эластан - 7%"
https://a.lmcdn.ru/img600x866/M/P/MP002XW149GY_24006482_2_v1_2x.jpg,MP002XW149GY,Боди с коротким рукавом,мульти,Не указано,Не указано,Не указано,трикотаж,Не указано,Не указано,Не указано,Не указано,Не указано,Не указано,"Полиэстер - 93%, Эластан - 7%"
https://a.lmcdn.ru/img600x866/M/P/MP002XW149GY_24006483_3_v1_2x.jpg,MP002XW149GY,Боди с коротким рукавом,мульти,Не указано,Не указано,Не указано,трикотаж,Не указано,Не указано,Не указано,Не указано,Не указано,Не указано,"Полиэстер - 93%, Эластан - 7%"
https://a.lmcdn.ru/img600x866/M/P/MP002XW149GY_24036148_9_v1.jpg,MP002XW149GY,Боди с коротким рукавом,мульти,Не указано,Не указано,Не указано,трикотаж,Не указано,Не указано,Не указано,Не указано,Не указано,Не указано,"Полиэстер - 93%, Эластан - 7%"
https://a.lmcdn.ru/img600x866/M/P/MP002XW0JM3Y_20453145_1_v1_2x.jpeg,MP002XW0JM3Y,Боди,мульти,черный,однотонный,Не указано,трикотаж,Не указано,Не указано,Не указано,Не указано,Не указано,без подкладки,"Полиэстер - 92%, Эластан - 8%"
https://a.lmcdn.ru/img600x866/M/P/MP002XW0JM3Y_20453150_2_v1_2x.jpeg,MP002XW0JM3Y,Боди,мульти,черный,однотонный,Не указано,трикотаж,Не указано,Не указано,Не указано,Не указано,Не указано,без подкладки,"Полиэстер - 92%, Эластан - 8%"
https://a.lmcdn.ru/img600x866/M/P/MP002XW0JM3Y_20453157_3_v1_2x.jpeg,MP002XW0JM3Y,Боди,мульти,черный,однотонный,Не указано,трикотаж,Не указано,Не указано,Не указано,Не указано,Не указано,без подкладки,"Полиэстер - 92%, Эластан - 8%"
https://a.lmcdn.ru/img600x866/M/P/MP002XW0JM3Y_20453170_4_v1_2x.jpeg,MP002XW0JM3Y,Боди,мульти,черный,однотонный,Не указано,трикотаж,Не указано,Не указано,Не указано,Не указано,Не указано,без подкладки,"Полиэстер - 92%, Эластан - 8%"
https://a.lmcdn.ru/img600x866/M/P/MP002XW0JM3Y_20453177_5_v1_2x.jpeg,MP002XW0JM3Y,Боди,мульти,черный,однотонный,Не указано,трикотаж,Не указано,Не указано,Не указано,Не указано,Не указано,без подкладки,"Полиэстер - 92%, Эластан - 8%"
https://a.lmcdn.ru/img600x866/M/P/MP002XW0JM3Y_20453188_6_v1_2x.jpeg,MP002XW0JM3Y,Боди,мульти,черный,однотонный,Не указано,трикотаж,Не указано,Не указано,Не указано,Не указано,Не указано,без подкладки,"Полиэстер - 92%, Эластан - 8%"
https://a.lmcdn.ru/img600x866/M/P/MP002XW17S3C_24289985_1_v1.jpeg,MP002XW17S3C,Боди c длинным рукавом,мульти,белый,однотонный,Не указано,трикотаж,Не указано,крючки,Не указано,Не указано,Не указано,без подкладки,"Хлопок - 95%, Эластан - 5%"
https://a.lmcdn.ru/img600x866/M/P/MP002XW17S3C_24289992_2_v1.jpeg,MP002XW17S3C,Боди c длинным рукавом,мульти,белый,однотонный,Не указано,трикотаж,Не указано,крючки,Не указано,Не указано,Не указано,без подкладки,"Хлопок - 95%, Эластан - 5%"
https://a.lmcdn.ru/img600x866/M/P/MP002XW17S3C_24290013_3_v1.jpeg,MP002XW17S3C,Боди c длинным рукавом,мульти,белый,однотонный,Не указано,трикотаж,Не указано,крючки,Не указано,Не указано,Не указано,без подкладки,"Хлопок - 95%, Эластан - 5%"
https://a.lmcdn.ru/img600x866/M/P/MP002XW17S3C_24289997_4_v1.jpeg,MP002XW17S3C,Боди c длинным рукавом,мульти,белый,однотонный,Не указано,трикотаж,Не указано,крючки,Не указано,Не указано,Не указано,без подкладки,"Хлопок - 95%, Эластан - 5%"
https://a.lmcdn.ru/img600x866/M/P/MP002XW17S3C_24290002_5_v1.jpeg,MP002XW17S3C,Боди c длинным рукавом,мульти,белый,однотонный,Не указано,трикотаж,Не указано,крючки,Не указано,Не указано,Не указано,без подкладки,"Хлопок - 95%, Эластан - 5%"
https://a.lmcdn.ru/img600x866/M/P/MP002XW17S3C_24290006_6_v1.jpeg,MP002XW17S3C,Боди c длинным рукавом,мульти,белый,однотонный,Не указано,трикотаж,Не указано,крючки,Не указано,Не указано,Не указано,без подкладки,"Хлопок - 95%, Эластан - 5%"
https://a.lmcdn.ru/img600x866/M/P/MP002XW0DA2Y_25412935_1_v1_2x.jpg,MP002XW0DA2Y,Боди c длинным рукавом,зима,Не указано,Не указано,Не указано,трикотаж,Не указано,Не указано,Не указано,Не указано,Не указано,Не указано,"Полиамид - 85%, Эластан - 15%"
https://a.lmcdn.ru/img600x866/M/P/MP002XW0DA2Y_25412936_2_v1_2x.jpg,MP002XW0DA2Y,Боди c длинным рукавом,зима,Не указано,Не указано,Не указано,трикотаж,Не указано,Не указано,Не указано,Не указано,Не указано,Не указано,"Полиамид - 85%, Эластан - 15%"
https://a.lmcdn.ru/img600x866/M/P/MP002XW0DA2Y_25412937_3_v1_2x.jpg,MP002XW0DA2Y,Боди c длинным рукавом,зима,Не указано,Не указано,Не указано,трикотаж,Не указано,Не указано,Не указано,Не указано,Не указано,Не указано,"Полиамид - 85%, Эластан - 15%"
https://a.lmcdn.ru/img600x866/M/P/MP002XW0DA2Y_25458440_9_v1.jpg,MP002XW0DA2Y,Боди c длинным рукавом,зима,Не указано,Не указано,Не указано,трикотаж,Не указано,Не указано,Не указано,Не указано,Не указано,Не указано,"Полиамид - 85%, Эластан - 15%"
https://a.lmcdn.ru/img600x866/M/P/MP002XW0MX3R_24993798_1_v1.jpeg,MP002XW0MX3R,Боди c длинным рукавом,мульти,серый,однотонный,Не указано,трикотаж,Не указано,кнопки,Не указано,Не указано,Не указано,"Полиэстер - 95%, Эластан - 5%","Полиэстер - 95%, Эластан - 5%"
https://a.lmcdn.ru/img600x866/M/P/MP002XW0MX3R_24993800_2_v1.jpeg,MP002XW0MX3R,Боди c длинным рукавом,мульти,серый,однотонный,Не указано,трикотаж,Не указано,кнопки,Не указано,Не указано,Не указано,"Полиэстер - 95%, Эластан - 5%","Полиэстер - 95%, Эластан - 5%"
https://a.lmcdn.ru/img600x866/M/P/MP002XW0MX3R_24993801_3_v1.jpeg,MP002XW0MX3R,Боди c длинным рукавом,мульти,серый,однотонный,Не указано,трикотаж,Не указано,кнопки,Не указано,Не указано,Не указано,"Полиэстер - 95%, Эластан - 5%","Полиэстер - 95%, Эластан - 5%"
https://a.lmcdn.ru/img600x866/M/P/MP002XW0MX3R_24993802_4_v1.jpeg,MP002XW0MX3R,Боди c длинным рукавом,мульти,серый,однотонный,Не указано,трикотаж,Не указано,кнопки,Не указано,Не указано,Не указано,"Полиэстер - 95%, Эластан - 5%","Полиэстер - 95%, Эластан - 5%"
https://a.lmcdn.ru/img600x866/M/P/MP002XW0MX3R_24993803_5_v1.jpeg,MP002XW0MX3R,Боди c длинным рукавом,мульти,серый,однотонный,Не указано,трикотаж,Не указано,кнопки,Не указано,Не указано,Не указано,"Полиэстер - 95%, Эластан - 5%","Полиэстер - 95%, Эластан - 5%"
https://a.lmcdn.ru/img600x866/M/P/MP002XW0JF6P_20054118_1_v1_2x.jpeg,MP002XW0JF6P,Боди c длинным рукавом,мульти,Не указано,Не указано,Не указано,трикотаж,Не указано,Не указано,Не указано,Не указано,Не указано,без подкладки,"Вискоза - 92%, Лайкра - 8%"
https://a.lmcdn.ru/img600x866/M/P/MP002XW0JF6P_20054105_2_v1_2x.jpeg,MP002XW0JF6P,Боди c длинным рукавом,мульти,Не указано,Не указано,Не указано,трикотаж,Не указано,Не указано,Не указано,Не указано,Не указано,без подкладки,"Вискоза - 92%, Лайкра - 8%"
https://a.lmcdn.ru/img600x866/M/P/MP002XW0JF6P_20054113_3_v1_2x.jpeg,MP002XW0JF6P,Боди c длинным рукавом,мульти,Не указано,Не указано,Не указано,трикотаж,Не указано,Не указано,Не указано,Не указано,Не указано,без подкладки,"Вискоза - 92%, Лайкра - 8%"
https://a.lmcdn.ru/img600x866/M/P/MP002XW0JF6P_20054099_4_v1_2x.jpeg,MP002XW0JF6P,Боди c длинным рукавом,мульти,Не указано,Не указано,Не указано,трикотаж,Не указано,Не указано,Не указано,Не указано,Не указано,без подкладки,"Вискоза - 92%, Лайкра - 8%"
https://a.lmcdn.ru/img600x866/M/P/MP002XW0JF6P_20054109_5_v1_2x.jpeg,MP002XW0JF6P,Боди c длинным рукавом,мульти,Не указано,Не указано,Не указано,трикотаж,Не указано,Не указано,Не указано,Не указано,Не указано,без подкладки,"Вискоза - 92%, Лайкра - 8%"
https://a.lmcdn.ru/img600x866/M/P/MP002XW0JF6P_20054122_6_v1_2x.jpeg,MP002XW0JF6P,Боди c длинным рукавом,мульти,Не указано,Не указано,Не указано,трикотаж,Не указано,Не указано,Не указано,Не указано,Не указано,без подкладки,"Вискоза - 92%, Лайкра - 8%"
https://a.lmcdn.ru/img600x866/M/P/MP002XW13DL1_24797046_1_v1_2x.jpg,MP002XW13DL1,Боди c длинным рукавом,мульти,Не указано,Не указано,Не указано,трикотаж,Не указано,Не указано,Не указано,Не указано,Не указано,Не указано,"Хлопок - 48%, Модал - 44%, Эластан - 8%"
https://a.lmcdn.ru/img600x866/M/P/MP002XW13DL1_24797047_2_v1_2x.jpg,MP002XW13DL1,Боди c длинным рукавом,мульти,Не указано,Не указано,Не указано,трикотаж,Не указано,Не указано,Не указано,Не указано,Не указано,Не указано,"Хлопок - 48%, Модал - 44%, Эластан - 8%"
https://a.lmcdn.ru/img600x866/M/P/MP002XW188QE_24594487_1_v1_2x.jpg,MP002XW188QE,Боди c длинным рукавом,мульти,Не указано,Не указано,Не указано,трикотаж,Не указано,Не указано,Не указано,Не указано,Не указано,Не указано,"Полиамид - 92%, Эластан - 8%"
https://a.lmcdn.ru/img600x866/M/P/MP002XW188QE_24594488_2_v1_2x.jpg,MP002XW188QE,Боди c длинным рукавом,мульти,Не указано,Не указано,Не указано,трикотаж,Не указано,Не указано,Не указано,Не указано,Не указано,Не указано,"Полиамид - 92%, Эластан - 8%"
https://a.lmcdn.ru/img600x866/M/P/MP002XW1819Q_24377562_1_v1.jpeg,MP002XW1819Q,Боди c длинным рукавом,мульти,бежевый,однотонный,Не указано,трикотаж,Не указано,кнопки,Не указано,Не указано,Не указано,без подкладки,"Полиэстер - 95%, Эластан - 5%"
https://a.lmcdn.ru/img600x866/M/P/MP002XW1819Q_24377563_2_v1.jpeg,MP002XW1819Q,Боди c длинным рукавом,мульти,бежевый,однотонный,Не указано,трикотаж,Не указано,кнопки,Не указано,Не указано,Не указано,без подкладки,"Полиэстер - 95%, Эластан - 5%"
https://a.lmcdn.ru/img600x866/M/P/MP002XW1819Q_24377500_3_v1.jpeg,MP002XW1819Q,Боди c длинным рукавом,мульти,бежевый,однотонный,Не указано,трикотаж,Не указано,кнопки,Не указано,Не указано,Не указано,без подкладки,"Полиэстер - 95%, Эластан - 5%"
https://a.lmcdn.ru/img600x866/M/P/MP002XW1819Q_24377507_4_v1.jpeg,MP002XW1819Q,Боди c длинным рукавом,мульти,бежевый,однотонный,Не указано,трикотаж,Не указано,кнопки,Не указано,Не указано,Не указано,без подкладки,"Полиэстер - 95%, Эластан - 5%"
https://a.lmcdn.ru/img600x866/M/P/MP002XW1819Q_24377518_5_v1.jpeg,MP002XW1819Q,Боди c длинным рукавом,мульти,бежевый,однотонный,Не указано,трикотаж,Не указано,кнопки,Не указано,Не указано,Не указано,без подкладки,"Полиэстер - 95%, Эластан - 5%"
https://a.lmcdn.ru/img600x866/M/P/MP002XW0MX3K_24993759_1_v1.jpeg,MP002XW0MX3K,Боди c длинным рукавом,мульти,черный,однотонный,Не указано,трикотаж,Не указано,кнопки,Не указано,Не указано,Не указано,"Полиэстер - 95%, Эластан - 5%","Полиэстер - 95%, Эластан - 5%"
https://a.lmcdn.ru/img600x866/M/P/MP002XW0MX3K_24993762_2_v1.jpeg,MP002XW0MX3K,Боди c длинным рукавом,мульти,черный,однотонный,Не указано,трикотаж,Не указано,кнопки,Не указано,Не указано,Не указано,"Полиэстер - 95%, Эластан - 5%","Полиэстер - 95%, Эластан - 5%"
https://a.lmcdn.ru/img600x866/M/P/MP002XW0MX3K_24993769_3_v1.jpeg,MP002XW0MX3K,Боди c длинным рукавом,мульти,черный,однотонный,Не указано,трикотаж,Не указано,кнопки,Не указано,Не указано,Не указано,"Полиэстер - 95%, Эластан - 5%","Полиэстер - 95%, Эластан - 5%"
https://a.lmcdn.ru/img600x866/M/P/MP002XW0MX3K_24993773_4_v1.jpeg,MP002XW0MX3K,Боди c длинным рукавом,мульти,черный,однотонный,Не указано,трикотаж,Не указано,кнопки,Не указано,Не указано,Не указано,"Полиэстер - 95%, Эластан - 5%","Полиэстер - 95%, Эластан - 5%"
https://a.lmcdn.ru/img600x866/M/P/MP002XW0MX3K_24993775_5_v1.jpeg,MP002XW0MX3K,Боди c длинным рукавом,мульти,черный,однотонный,Не указано,трикотаж,Не указано,кнопки,Не указано,Не указано,Не указано,"Полиэстер - 95%, Эластан - 5%","Полиэстер - 95%, Эластан - 5%"
https://a.lmcdn.ru/img600x866/M/P/MP002XW01OIS_20133053_1_v2_2x.jpg,MP002XW01OIS,Боди c длинным рукавом,мульти,черный,Не указано,Не указано,трикотаж,Не указано,Не указано,Не указано,Не указано,Не указано,"Хлопок - 92%, Эластан - 8%","Хлопок - 92%, Эластан - 8%"
https://a.lmcdn.ru/img600x866/M/P/MP002XW01OIS_20133054_2_v2_2x.jpg,MP002XW01OIS,Боди c длинным рукавом,мульти,черный,Не указано,Не указано,трикотаж,Не указано,Не указано,Не указано,Не указано,Не указано,"Хлопок - 92%, Эластан - 8%","Хлопок - 92%, Эластан - 8%"
https://a.lmcdn.ru/img600x866/M/P/MP002XW01OIS_20133055_3_v2_2x.jpg,MP002XW01OIS,Боди c длинным рукавом,мульти,черный,Не указано,Не указано,трикотаж,Не указано,Не указано,Не указано,Не указано,Не указано,"Хлопок - 92%, Эластан - 8%","Хлопок - 92%, Эластан - 8%"
https://a.lmcdn.ru/img600x866/M/P/MP002XW01OIS_20166402_9_v1.jpg,MP002XW01OIS,Боди c длинным рукавом,мульти,черный,Не указано,Не указано,трикотаж,Не указано,Не указано,Не указано,Не указано,Не указано,"Хлопок - 92%, Эластан - 8%","Хлопок - 92%, Эластан - 8%"
https://a.lmcdn.ru/img600x866/M/P/MP002XW0IADV_25398388_1_v1_2x.jpg,MP002XW0IADV,Боди c длинным рукавом,мульти,Не указано,Не указано,Не указано,трикотаж,Не указано,Не указано,Не указано,Не указано,Не указано,Не указано,"Полиамид - 86%, Эластан - 14%"
https://a.lmcdn.ru/img600x866/M/P/MP002XW0IADV_25398389_2_v1_2x.jpg,MP002XW0IADV,Боди c длинным рукавом,мульти,Не указано,Не указано,Не указано,трикотаж,Не указано,Не указано,Не указано,Не указано,Не указано,Не указано,"Полиамид - 86%, Эластан - 14%"
https://a.lmcdn.ru/img600x866/M/P/MP002XW0IADV_25398390_3_v1_2x.jpg,MP002XW0IADV,Боди c длинным рукавом,мульти,Не указано,Не указано,Не указано,трикотаж,Не указано,Не указано,Не указано,Не указано,Не указано,Не указано,"Полиамид - 86%, Эластан - 14%"
https://a.lmcdn.ru/img600x866/M/P/MP002XW0IADV_25403592_9_v1.jpg,MP002XW0IADV,Боди c длинным рукавом,мульти,Не указано,Не указано,Не указано,трикотаж,Не указано,Не указано,Не указано,Не указано,Не указано,Не указано,"Полиамид - 86%, Эластан - 14%"
https://a.lmcdn.ru/img600x866/M/P/MP002XW17BUC_24059249_1_v1.jpeg,MP002XW17BUC,Боди c длинным рукавом,мульти,красный,однотонный,Не указано,трикотаж,Не указано,кнопки,Не указано,Не указано,Не указано,без подкладки,"Полиамид - 87%, Эластан - 13%"
https://a.lmcdn.ru/img600x866/M/P/MP002XW17BUC_24059258_2_v1.jpeg,MP002XW17BUC,Боди c длинным рукавом,мульти,красный,однотонный,Не указано,трикотаж,Не указано,кнопки,Не указано,Не указано,Не указано,без подкладки,"Полиамид - 87%, Эластан - 13%"
https://a.lmcdn.ru/img600x866/M/P/MP002XW17BUC_24059138_3_v1.jpeg,MP002XW17BUC,Боди c длинным рукавом,мульти,красный,однотонный,Не указано,трикотаж,Не указано,кнопки,Не указано,Не указано,Не указано,без подкладки,"Полиамид - 87%, Эластан - 13%"
https://a.lmcdn.ru/img600x866/M/P/MP002XW17BUC_24059148_4_v1.jpeg,MP002XW17BUC,Боди c длинным рукавом,мульти,красный,однотонный,Не указано,трикотаж,Не указано,кнопки,Не указано,Не указано,Не указано,без подкладки,"Полиамид - 87%, Эластан - 13%"
https://a.lmcdn.ru/img600x866/M/P/MP002XW17BUC_24059157_5_v1.jpeg,MP002XW17BUC,Боди c длинным рукавом,мульти,красный,однотонный,Не указано,трикотаж,Не указано,кнопки,Не указано,Не указано,Не указано,без подкладки,"Полиамид - 87%, Эластан - 13%"
https://a.lmcdn.ru/img600x866/M/P/MP002XW1CRDB_25104961_1_v1.jpeg,MP002XW1CRDB,Боди c длинным рукавом,мульти,черный,однотонный,Не указано,трикотаж,Не указано,кнопки,Не указано,Не указано,Не указано,без подкладки,"48% Вискоза, 28% Полиэстер, 24% Полиамид"
https://a.lmcdn.ru/img600x866/M/P/MP002XW1CRDB_25104975_2_v1.jpeg,MP002XW1CRDB,Боди c длинным рукавом,мульти,черный,однотонный,Не указано,трикотаж,Не указано,кнопки,Не указано,Не указано,Не указано,без подкладки,"48% Вискоза, 28% Полиэстер, 24% Полиамид"
https://a.lmcdn.ru/img600x866/M/P/MP002XW0II1P_25304689_1_v1.jpeg,MP002XW0II1P,Боди c длинным рукавом,мульти,черный,Не указано,Не указано,фатин/тюль,Не указано,Не указано,Не указано,Не указано,Не указано,"Полиэстер - 92%, Эластан - 8%","Материал 1: Полиэстер - 92%, Эластан - 8%; Материал 2: Полиамид - 70%, Эластан - 5%, Люрекс - 25%"
https://a.lmcdn.ru/img600x866/M/P/MP002XW0II1P_25304700_2_v1.jpeg,MP002XW0II1P,Боди c длинным рукавом,мульти,черный,Не указано,Не указано,фатин/тюль,Не указано,Не указано,Не указано,Не указано,Не указано,"Полиэстер - 92%, Эластан - 8%","Материал 1: Полиэстер - 92%, Эластан - 8%; Материал 2: Полиамид - 70%, Эластан - 5%, Люрекс - 25%"
https://a.lmcdn.ru/img600x866/M/P/MP002XW0II1P_25304698_3_v1.jpeg,MP002XW0II1P,Боди c длинным рукавом,мульти,черный,Не указано,Не указано,фатин/тюль,Не указано,Не указано,Не указано,Не указано,Не указано,"Полиэстер - 92%, Эластан - 8%","Материал 1: Полиэстер - 92%, Эластан - 8%; Материал 2: Полиамид - 70%, Эластан - 5%, Люрекс - 25%"
https://a.lmcdn.ru/img600x866/M/P/MP002XW0II1P_25304695_4_v1.jpeg,MP002XW0II1P,Боди c длинным рукавом,мульти,черный,Не указано,Не указано,фатин/тюль,Не указано,Не указано,Не указано,Не указано,Не указано,"Полиэстер - 92%, Эластан - 8%","Материал 1: Полиэстер - 92%, Эластан - 8%; Материал 2: Полиамид - 70%, Эластан - 5%, Люрекс - 25%"
https://a.lmcdn.ru/img600x866/M/P/MP002XW0II1P_25304705_5_v1.jpeg,MP002XW0II1P,Боди c длинным рукавом,мульти,черный,Не указано,Не указано,фатин/тюль,Не указано,Не указано,Не указано,Не указано,Не указано,"Полиэстер - 92%, Эластан - 8%","Материал 1: Полиэстер - 92%, Эластан - 8%; Материал 2: Полиамид - 70%, Эластан - 5%, Люрекс - 25%"
https://a.lmcdn.ru/img600x866/M/P/MP002XW0II1P_25304711_6_v1.jpeg,MP002XW0II1P,Боди c длинным рукавом,мульти,черный,Не указано,Не указано,фатин/тюль,Не указано,Не указано,Не указано,Не указано,Не указано,"Полиэстер - 92%, Эластан - 8%","Материал 1: Полиэстер - 92%, Эластан - 8%; Материал 2: Полиамид - 70%, Эластан - 5%, Люрекс - 25%"
https://a.lmcdn.ru/img600x866/M/P/MP002XW17F23_24090136_1_v1.jpeg,MP002XW17F23,Боди c длинным рукавом,мульти,черный,однотонный,Не указано,трикотаж,Не указано,кнопки,Не указано,Не указано,Не указано,Без подкладки,"Вискоза - 88%, Эластан - 12%"
https://a.lmcdn.ru/img600x866/M/P/MP002XW17F23_24090140_2_v1.jpeg,MP002XW17F23,Боди c длинным рукавом,мульти,черный,однотонный,Не указано,трикотаж,Не указано,кнопки,Не указано,Не указано,Не указано,Без подкладки,"Вискоза - 88%, Эластан - 12%"
https://a.lmcdn.ru/img600x866/M/P/MP002XW17F23_24090139_3_v1.jpeg,MP002XW17F23,Боди c длинным рукавом,мульти,черный,однотонный,Не указано,трикотаж,Не указано,кнопки,Не указано,Не указано,Не указано,Без подкладки,"Вискоза - 88%, Эластан - 12%"
https://a.lmcdn.ru/img600x866/M/P/MP002XW17F23_24090135_4_v1.jpeg,MP002XW17F23,Боди c длинным рукавом,мульти,черный,однотонный,Не указано,трикотаж,Не указано,кнопки,Не указано,Не указано,Не указано,Без подкладки,"Вискоза - 88%, Эластан - 12%"
https://a.lmcdn.ru/img600x866/M/P/MP002XW17F23_24090137_5_v1.jpeg,MP002XW17F23,Боди c длинным рукавом,мульти,черный,однотонный,Не указано,трикотаж,Не указано,кнопки,Не указано,Не указано,Не указано,Без подкладки,"Вискоза - 88%, Эластан - 12%"
https://a.lmcdn.ru/img600x866/M/P/MP002XW17F23_24090138_6_v1.jpeg,MP002XW17F23,Боди c длинным рукавом,мульти,черный,однотонный,Не указано,трикотаж,Не указано,кнопки,Не указано,Не указано,Не указано,Без подкладки,"Вискоза - 88%, Эластан - 12%"
https://a.lmcdn.ru/img600x866/M/P/MP002XW1474J_23926647_1_v2.jpg,MP002XW1474J,Боди c длинным рукавом,мульти,Не указано,Не указано,Не указано,трикотаж,Не указано,Не указано,Не указано,Не указано,Не указано,Не указано,"Полиамид - 92%, Эластан - 8%"
https://a.lmcdn.ru/img600x866/M/P/MP002XW1474J_23926648_2_v2.jpg,MP002XW1474J,Боди c длинным рукавом,мульти,Не указано,Не указано,Не указано,трикотаж,Не указано,Не указано,Не указано,Не указано,Не указано,Не указано,"Полиамид - 92%, Эластан - 8%"
https://a.lmcdn.ru/img600x866/M/P/MP002XW1474J_23926649_3_v2.jpg,MP002XW1474J,Боди c длинным рукавом,мульти,Не указано,Не указано,Не указано,трикотаж,Не указано,Не указано,Не указано,Не указано,Не указано,Не указано,"Полиамид - 92%, Эластан - 8%"
https://a.lmcdn.ru/img600x866/M/P/MP002XW1474J_23981110_4_v1.jpg,MP002XW1474J,Боди c длинным рукавом,мульти,Не указано,Не указано,Не указано,трикотаж,Не указано,Не указано,Не указано,Не указано,Не указано,Не указано,"Полиамид - 92%, Эластан - 8%"
https://a.lmcdn.ru/img600x866/M/P/MP002XW1474J_23981112_5_v1.jpg,MP002XW1474J,Боди c длинным рукавом,мульти,Не указано,Не указано,Не указано,трикотаж,Не указано,Не указано,Не указано,Не указано,Не указано,Не указано,"Полиамид - 92%, Эластан - 8%"
https://a.lmcdn.ru/img600x866/M/P/MP002XW0GEC3_23047619_1_v1_2x.jpeg,MP002XW0GEC3,Боди c длинным рукавом,мульти,Не указано,Не указано,Не указано,трикотаж,Не указано,Не указано,Не указано,Не указано,Не указано,без подкладки,"Хлопок - 93%, Эластан - 7%"
https://a.lmcdn.ru/img600x866/M/P/MP002XW0GEC3_23047598_2_v1_2x.jpeg,MP002XW0GEC3,Боди c длинным рукавом,мульти,Не указано,Не указано,Не указано,трикотаж,Не указано,Не указано,Не указано,Не указано,Не указано,без подкладки,"Хлопок - 93%, Эластан - 7%"
https://a.lmcdn.ru/img600x866/M/P/MP002XW0GEC3_23047613_3_v1_2x.jpeg,MP002XW0GEC3,Боди c длинным рукавом,мульти,Не указано,Не указано,Не указано,трикотаж,Не указано,Не указано,Не указано,Не указано,Не указано,без подкладки,"Хлопок - 93%, Эластан - 7%"
https://a.lmcdn.ru/img600x866/M/P/MP002XW0GEC3_23047592_4_v1_2x.jpeg,MP002XW0GEC3,Боди c длинным рукавом,мульти,Не указано,Не указано,Не указано,трикотаж,Не указано,Не указано,Не указано,Не указано,Не указано,без подкладки,"Хлопок - 93%, Эластан - 7%"
https://a.lmcdn.ru/img600x866/M/P/MP002XW0GEC3_23047617_5_v1_2x.jpeg,MP002XW0GEC3,Боди c длинным рукавом,мульти,Не указано,Не указано,Не указано,трикотаж,Не указано,Не указано,Не указано,Не указано,Не указано,без подкладки,"Хлопок - 93%, Эластан - 7%"
https://a.lmcdn.ru/img600x866/M/P/MP002XW0GEC3_23047602_6_v1_2x.jpeg,MP002XW0GEC3,Боди c длинным рукавом,мульти,Не указано,Не указано,Не указано,трикотаж,Не указано,Не указано,Не указано,Не указано,Не указано,без подкладки,"Хлопок - 93%, Эластан - 7%"
https://a.lmcdn.ru/img600x866/M/P/MP002XW18D6E_24533733_1_v1.jpeg,MP002XW18D6E,Боди c длинным рукавом,мульти,красный,однотонный,Не указано,трикотаж,Не указано,кнопки,Не указано,Не указано,Не указано,без подкладки,"95% Полиэстер, 5% Эластан"
https://a.lmcdn.ru/img600x866/M/P/MP002XW18D6E_24533732_2_v1.jpeg,MP002XW18D6E,Боди c длинным рукавом,мульти,красный,однотонный,Не указано,трикотаж,Не указано,кнопки,Не указано,Не указано,Не указано,без подкладки,"95% Полиэстер, 5% Эластан"
https://a.lmcdn.ru/img600x866/M/P/MP002XW15ED0_23691770_1_v2.jpg,MP002XW15ED0,Боди с коротким рукавом,мульти,черный,Не указано,Не указано,трикотаж,Не указано,Не указано,Не указано,Не указано,Не указано,Не указано,"Хлопок - 96%, Эластан - 4%"
https://a.lmcdn.ru/img600x866/M/P/MP002XW15ED0_23691771_2_v2.jpg,MP002XW15ED0,Боди с коротким рукавом,мульти,черный,Не указано,Не указано,трикотаж,Не указано,Не указано,Не указано,Не указано,Не указано,Не указано,"Хлопок - 96%, Эластан - 4%"
https://a.lmcdn.ru/img600x866/M/P/MP002XW15ED0_23691772_3_v2.jpg,MP002XW15ED0,Боди с коротким рукавом,мульти,черный,Не указано,Не указано,трикотаж,Не указано,Не указано,Не указано,Не указано,Не указано,Не указано,"Хлопок - 96%, Эластан - 4%"
https://a.lmcdn.ru/img600x866/M/P/MP002XW15ED0_23951751_4_v1.jpg,MP002XW15ED0,Боди с коротким рукавом,мульти,черный,Не указано,Не указано,трикотаж,Не указано,Не указано,Не указано,Не указано,Не указано,Не указано,"Хлопок - 96%, Эластан - 4%"
https://a.lmcdn.ru/img600x866/M/P/MP002XW15ED0_23951752_5_v1.jpg,MP002XW15ED0,Боди с коротким рукавом,мульти,черный,Не указано,Не указано,трикотаж,Не указано,Не указано,Не указано,Не указано,Не указано,Не указано,"Хлопок - 96%, Эластан - 4%"
https://a.lmcdn.ru/img600x866/M/P/MP002XW17CXT_24139798_1_v1_2x.jpg,MP002XW17CXT,Боди c длинным рукавом,мульти,Не указано,Не указано,Не указано,трикотаж,Не указано,Не указано,Не указано,Не указано,Не указано,Не указано,"Вискоза - 68%, Микрофибра - 27%, Спандекс - 5%"
https://a.lmcdn.ru/img600x866/M/P/MP002XW17CXT_24139799_2_v1_2x.jpg,MP002XW17CXT,Боди c длинным рукавом,мульти,Не указано,Не указано,Не указано,трикотаж,Не указано,Не указано,Не указано,Не указано,Не указано,Не указано,"Вискоза - 68%, Микрофибра - 27%, Спандекс - 5%"
https://a.lmcdn.ru/img600x866/M/P/MP002XW17CXT_24139800_3_v1_2x.jpg,MP002XW17CXT,Боди c длинным рукавом,мульти,Не указано,Не указано,Не указано,трикотаж,Не указано,Не указано,Не указано,Не указано,Не указано,Не указано,"Вискоза - 68%, Микрофибра - 27%, Спандекс - 5%"
https://a.lmcdn.ru/img600x866/M/P/MP002XW17CXT_24148408_9_v1.jpg,MP002XW17CXT,Боди c длинным рукавом,мульти,Не указано,Не указано,Не указано,трикотаж,Не указано,Не указано,Не указано,Не указано,Не указано,Не указано,"Вискоза - 68%, Микрофибра - 27%, Спандекс - 5%"
https://a.lmcdn.ru/img600x866/M/P/MP002XW0J8MS_23508391_1_v2.jpeg,MP002XW0J8MS,Боди c длинным рукавом,мульти,розовый,Не указано,Не указано,сетка,Не указано,Не указано,Не указано,Не указано,Не указано,"Вискоза - 95%, Лайкра - 5%",Полиэстер - 100%
https://a.lmcdn.ru/img600x866/M/P/MP002XW0J8MS_23508396_2_v2.jpeg,MP002XW0J8MS,Боди c длинным рукавом,мульти,розовый,Не указано,Не указано,сетка,Не указано,Не указано,Не указано,Не указано,Не указано,"Вискоза - 95%, Лайкра - 5%",Полиэстер - 100%
https://a.lmcdn.ru/img600x866/M/P/MP002XW0J8MS_23508383_3_v2.jpeg,MP002XW0J8MS,Боди c длинным рукавом,мульти,розовый,Не указано,Не указано,сетка,Не указано,Не указано,Не указано,Не указано,Не указано,"Вискоза - 95%, Лайкра - 5%",Полиэстер - 100%
https://a.lmcdn.ru/img600x866/M/P/MP002XW0J8MS_23508402_4_v2.jpeg,MP002XW0J8MS,Боди c длинным рукавом,мульти,розовый,Не указано,Не указано,сетка,Не указано,Не указано,Не указано,Не указано,Не указано,"Вискоза - 95%, Лайкра - 5%",Полиэстер - 100%
https://a.lmcdn.ru/img600x866/M/P/MP002XW0J8MS_23508387_5_v2.jpeg,MP002XW0J8MS,Боди c длинным рукавом,мульти,розовый,Не указано,Не указано,сетка,Не указано,Не указано,Не указано,Не указано,Не указано,"Вискоза - 95%, Лайкра - 5%",Полиэстер - 100%
https://a.lmcdn.ru/img600x866/M/P/MP002XW17IK7_24142185_1_v1.jpeg,MP002XW17IK7,Боди c длинным рукавом,мульти,черный,Не указано,Не указано,сетка,Не указано,Не указано,Не указано,Не указано,Не указано,"95% Полиэстер, 5% Эластан",100% Полиэстер
https://a.lmcdn.ru/img600x866/M/P/MP002XW17IK7_24142180_2_v1.jpeg,MP002XW17IK7,Боди c длинным рукавом,мульти,черный,Не указано,Не указано,сетка,Не указано,Не указано,Не указано,Не указано,Не указано,"95% Полиэстер, 5% Эластан",100% Полиэстер
https://a.lmcdn.ru/img600x866/M/P/MP002XW17IK7_24142190_3_v1.jpeg,MP002XW17IK7,Боди c длинным рукавом,мульти,черный,Не указано,Не указано,сетка,Не указано,Не указано,Не указано,Не указано,Не указано,"95% Полиэстер, 5% Эластан",100% Полиэстер
https://a.lmcdn.ru/img600x866/M/P/MP002XW17IK7_24142194_4_v1.jpeg,MP002XW17IK7,Боди c длинным рукавом,мульти,черный,Не указано,Не указано,сетка,Не указано,Не указано,Не указано,Не указано,Не указано,"95% Полиэстер, 5% Эластан",100% Полиэстер
https://a.lmcdn.ru/img600x866/M/P/MP002XW17IK7_24142200_5_v1.jpeg,MP002XW17IK7,Боди c длинным рукавом,мульти,черный,Не указано,Не указано,сетка,Не указано,Не указано,Не указано,Не указано,Не указано,"95% Полиэстер, 5% Эластан",100% Полиэстер
https://a.lmcdn.ru/img600x866/M/P/MP002XW17IK7_24142204_6_v1.jpeg,MP002XW17IK7,Боди c длинным рукавом,мульти,черный,Не указано,Не указано,сетка,Не указано,Не указано,Не указано,Не указано,Не указано,"95% Полиэстер, 5% Эластан",100% Полиэстер
https://a.lmcdn.ru/img600x866/M/P/MP002XW0CNC8_17089130_1_v1_2x.jpg,MP002XW0CNC8,Боди с коротким рукавом,мульти,бежевый,Не указано,Не указано,трикотаж,Не указано,Не указано,Не указано,Не указано,Не указано,Не указано,"Хлопок - 96%, Эластан - 4%"
https://a.lmcdn.ru/img600x866/M/P/MP002XW0CNC8_17089131_2_v1_2x.jpg,MP002XW0CNC8,Боди с коротким рукавом,мульти,бежевый,Не указано,Не указано,трикотаж,Не указано,Не указано,Не указано,Не указано,Не указано,Не указано,"Хлопок - 96%, Эластан - 4%"
https://a.lmcdn.ru/img600x866/M/P/MP002XW0CNC8_17089132_3_v1_2x.jpg,MP002XW0CNC8,Боди с коротким рукавом,мульти,бежевый,Не указано,Не указано,трикотаж,Не указано,Не указано,Не указано,Не указано,Не указано,Не указано,"Хлопок - 96%, Эластан - 4%"
https://a.lmcdn.ru/img600x866/M/P/MP002XW0CNC8_17092340_9_v1.jpg,MP002XW0CNC8,Боди с коротким рукавом,мульти,бежевый,Не указано,Не указано,трикотаж,Не указано,Не указано,Не указано,Не указано,Не указано,Не указано,"Хлопок - 96%, Эластан - 4%"
https://a.lmcdn.ru/img600x866/M/P/MP002XW0OT94_22007642_1_v2_2x.jpeg,MP002XW0OT94,Боди с коротким рукавом,мульти,белый,однотонный,Не указано,трикотаж,Не указано,молния,Не указано,Не указано,Не указано,без подкладки,"Полиэстер - 92%, Эластан - 8%"
https://a.lmcdn.ru/img600x866/M/P/MP002XW0OT94_22007643_2_v2_2x.jpeg,MP002XW0OT94,Боди с коротким рукавом,мульти,белый,однотонный,Не указано,трикотаж,Не указано,молния,Не указано,Не указано,Не указано,без подкладки,"Полиэстер - 92%, Эластан - 8%"
https://a.lmcdn.ru/img600x866/M/P/MP002XW0OT94_22007644_3_v2_2x.jpeg,MP002XW0OT94,Боди с коротким рукавом,мульти,белый,однотонный,Не указано,трикотаж,Не указано,молния,Не указано,Не указано,Не указано,без подкладки,"Полиэстер - 92%, Эластан - 8%"
https://a.lmcdn.ru/img600x866/M/P/MP002XW0OT94_22007645_4_v2_2x.jpeg,MP002XW0OT94,Боди с коротким рукавом,мульти,белый,однотонный,Не указано,трикотаж,Не указано,молния,Не указано,Не указано,Не указано,без подкладки,"Полиэстер - 92%, Эластан - 8%"
https://a.lmcdn.ru/img600x866/M/P/MP002XW0OT94_22007646_5_v2_2x.jpeg,MP002XW0OT94,Боди с коротким рукавом,мульти,белый,однотонный,Не указано,трикотаж,Не указано,молния,Не указано,Не указано,Не указано,без подкладки,"Полиэстер - 92%, Эластан - 8%"
https://a.lmcdn.ru/img600x866/M/P/MP002XW0OT94_22007647_6_v2_2x.jpeg,MP002XW0OT94,Боди с коротким рукавом,мульти,белый,однотонный,Не указано,трикотаж,Не указано,молния,Не указано,Не указано,Не указано,без подкладки,"Полиэстер - 92%, Эластан - 8%"
https://a.lmcdn.ru/img600x866/M/P/MP002XW0ZMGN_24866045_1_v1.png,MP002XW0ZMGN,Боди c длинным рукавом,мульти,черный,Не указано,Не указано,сетка,Не указано,Не указано,Не указано,Не указано,Не указано,без подкладки,Полиэстер - 100%
https://a.lmcdn.ru/img600x866/M/P/MP002XW0ZMGN_24866052_2_v1.png,MP002XW0ZMGN,Боди c длинным рукавом,мульти,черный,Не указано,Не указано,сетка,Не указано,Не указано,Не указано,Не указано,Не указано,без подкладки,Полиэстер - 100%
https://a.lmcdn.ru/img600x866/M/P/MP002XW0ZMGN_24866078_3_v1.png,MP002XW0ZMGN,Боди c длинным рукавом,мульти,черный,Не указано,Не указано,сетка,Не указано,Не указано,Не указано,Не указано,Не указано,без подкладки,Полиэстер - 100%
https://a.lmcdn.ru/img600x866/M/P/MP002XW0ZMGN_24866049_4_v1.png,MP002XW0ZMGN,Боди c длинным рукавом,мульти,черный,Не указано,Не указано,сетка,Не указано,Не указано,Не указано,Не указано,Не указано,без подкладки,Полиэстер - 100%
https://a.lmcdn.ru/img600x866/M/P/MP002XW0ZMGN_24866056_5_v1.png,MP002XW0ZMGN,Боди c длинным рукавом,мульти,черный,Не указано,Не указано,сетка,Не указано,Не указано,Не указано,Не указано,Не указано,без подкладки,Полиэстер - 100%
https://a.lmcdn.ru/img600x866/M/P/MP002XW0ZMGN_24866060_6_v1.png,MP002XW0ZMGN,Боди c длинным рукавом,мульти,черный,Не указано,Не указано,сетка,Не указано,Не указано,Не указано,Не указано,Не указано,без подкладки,Полиэстер - 100%
https://a.lmcdn.ru/img600x866/R/T/RTLADU301201_24752864_1_v1.jpg,RTLADU301201,Боди c длинным рукавом,мульти,черный,однотонный,Не указано,трикотаж,Не указано,кнопки,кружево,Не указано,Не указано,Не указано,"Полиамид - 69%, Вискоза - 29%, Эластан - 2%"
https://a.lmcdn.ru/img600x866/R/T/RTLADU301201_24752865_2_v1.jpg,RTLADU301201,Боди c длинным рукавом,мульти,черный,однотонный,Не указано,трикотаж,Не указано,кнопки,кружево,Не указано,Не указано,Не указано,"Полиамид - 69%, Вискоза - 29%, Эластан - 2%"
https://a.lmcdn.ru/img600x866/R/T/RTLADU301201_24752866_3_v1.jpg,RTLADU301201,Боди c длинным рукавом,мульти,черный,однотонный,Не указано,трикотаж,Не указано,кнопки,кружево,Не указано,Не указано,Не указано,"Полиамид - 69%, Вискоза - 29%, Эластан - 2%"
https://a.lmcdn.ru/img600x866/R/T/RTLADU301201_24752867_4_v1.jpg,RTLADU301201,Боди c длинным рукавом,мульти,черный,однотонный,Не указано,трикотаж,Не указано,кнопки,кружево,Не указано,Не указано,Не указано,"Полиамид - 69%, Вискоза - 29%, Эластан - 2%"
https://a.lmcdn.ru/img600x866/R/T/RTLADU301201_24752868_5_v1.jpg,RTLADU301201,Боди c длинным рукавом,мульти,черный,однотонный,Не указано,трикотаж,Не указано,кнопки,кружево,Не указано,Не указано,Не указано,"Полиамид - 69%, Вискоза - 29%, Эластан - 2%"
https://a.lmcdn.ru/img600x866/R/T/RTLADU301201_24752869_6_v1.jpg,RTLADU301201,Боди c длинным рукавом,мульти,черный,однотонный,Не указано,трикотаж,Не указано,кнопки,кружево,Не указано,Не указано,Не указано,"Полиамид - 69%, Вискоза - 29%, Эластан - 2%"
https://a.lmcdn.ru/img600x866/M/P/MP002XW0ZCKP_24684996_1_v1.jpeg,MP002XW0ZCKP,Боди c длинным рукавом,мульти,черный,однотонный,Не указано,трикотаж,Не указано,крючки,Не указано,Не указано,Не указано,без подкладки,"Хлопок - 95%, Эластан - 5%"
https://a.lmcdn.ru/img600x866/M/P/MP002XW0ZCKP_24684997_2_v1.jpeg,MP002XW0ZCKP,Боди c длинным рукавом,мульти,черный,однотонный,Не указано,трикотаж,Не указано,крючки,Не указано,Не указано,Не указано,без подкладки,"Хлопок - 95%, Эластан - 5%"
https://a.lmcdn.ru/img600x866/M/P/MP002XW0ZCKP_24684998_3_v1.jpeg,MP002XW0ZCKP,Боди c длинным рукавом,мульти,черный,однотонный,Не указано,трикотаж,Не указано,крючки,Не указано,Не указано,Не указано,без подкладки,"Хлопок - 95%, Эластан - 5%"
https://a.lmcdn.ru/img600x866/M/P/MP002XW0ZCKP_24684999_4_v1.jpeg,MP002XW0ZCKP,Боди c длинным рукавом,мульти,черный,однотонный,Не указано,трикотаж,Не указано,крючки,Не указано,Не указано,Не указано,без подкладки,"Хлопок - 95%, Эластан - 5%"
https://a.lmcdn.ru/img600x866/M/P/MP002XW0ZCKP_24685000_5_v1.jpeg,MP002XW0ZCKP,Боди c длинным рукавом,мульти,черный,однотонный,Не указано,трикотаж,Не указано,крючки,Не указано,Не указано,Не указано,без подкладки,"Хлопок - 95%, Эластан - 5%"
https://a.lmcdn.ru/img600x866/M/P/MP002XW0ZCKP_24685001_6_v1.jpeg,MP002XW0ZCKP,Боди c длинным рукавом,мульти,черный,однотонный,Не указано,трикотаж,Не указано,крючки,Не указано,Не указано,Не указано,без подкладки,"Хлопок - 95%, Эластан - 5%"
https://a.lmcdn.ru/img600x866/M/P/MP002XW18CRE_24665425_1_v1_2x.jpg,MP002XW18CRE,Боди c длинным рукавом,мульти,Не указано,Не указано,Не указано,сетка,Не указано,Не указано,Не указано,Не указано,Не указано,Не указано,"Полиэстер - 95%, Эластан - 5%"
https://a.lmcdn.ru/img600x866/M/P/MP002XW18CRE_24665428_2_v1_2x.jpg,MP002XW18CRE,Боди c длинным рукавом,мульти,Не указано,Не указано,Не указано,сетка,Не указано,Не указано,Не указано,Не указано,Не указано,Не указано,"Полиэстер - 95%, Эластан - 5%"
https://a.lmcdn.ru/img600x866/M/P/MP002XW0KU45_18198365_1_v1_2x.jpg,MP002XW0KU45,Боди c длинным рукавом,мульти,Не указано,Не указано,Не указано,трикотаж,Не указано,Не указано,Не указано,Не указано,Не указано,Не указано,"Хлопок - 95%, Лайкра - 5%"
https://a.lmcdn.ru/img600x866/M/P/MP002XW0KU45_18198366_2_v1_2x.jpg,MP002XW0KU45,Боди c длинным рукавом,мульти,Не указано,Не указано,Не указано,трикотаж,Не указано,Не указано,Не указано,Не указано,Не указано,Не указано,"Хлопок - 95%, Лайкра - 5%"
https://a.lmcdn.ru/img600x866/M/P/MP002XW0KU45_18198367_3_v1_2x.jpg,MP002XW0KU45,Боди c длинным рукавом,мульти,Не указано,Не указано,Не указано,трикотаж,Не указано,Не указано,Не указано,Не указано,Не указано,Не указано,"Хлопок - 95%, Лайкра - 5%"
https://a.lmcdn.ru/img600x866/M/P/MP002XW0KU45_18198368_4_v1_2x.jpg,MP002XW0KU45,Боди c длинным рукавом,мульти,Не указано,Не указано,Не указано,трикотаж,Не указано,Не указано,Не указано,Не указано,Не указано,Не указано,"Хлопок - 95%, Лайкра - 5%"
https://a.lmcdn.ru/img600x866/M/P/MP002XW0KU45_18204908_9_v1.jpg,MP002XW0KU45,Боди c длинным рукавом,мульти,Не указано,Не указано,Не указано,трикотаж,Не указано,Не указано,Не указано,Не указано,Не указано,Не указано,"Хлопок - 95%, Лайкра - 5%"
https://a.lmcdn.ru/img600x866/R/T/RTLADV257301_24891586_1_v1.jpg,RTLADV257301,Боди с коротким рукавом,мульти,черный,однотонный,Не указано,трикотаж,Не указано,кнопки,кружево,Не указано,Не указано,Не указано,"Вискоза - 95%, Эластан - 5%"
https://a.lmcdn.ru/img600x866/R/T/RTLADV257301_24891587_2_v1.jpg,RTLADV257301,Боди с коротким рукавом,мульти,черный,однотонный,Не указано,трикотаж,Не указано,кнопки,кружево,Не указано,Не указано,Не указано,"Вискоза - 95%, Эластан - 5%"
https://a.lmcdn.ru/img600x866/R/T/RTLADV257301_24891588_3_v1.jpg,RTLADV257301,Боди с коротким рукавом,мульти,черный,однотонный,Не указано,трикотаж,Не указано,кнопки,кружево,Не указано,Не указано,Не указано,"Вискоза - 95%, Эластан - 5%"
https://a.lmcdn.ru/img600x866/R/T/RTLADV257301_24891589_4_v1.jpg,RTLADV257301,Боди с коротким рукавом,мульти,черный,однотонный,Не указано,трикотаж,Не указано,кнопки,кружево,Не указано,Не указано,Не указано,"Вискоза - 95%, Эластан - 5%"
https://a.lmcdn.ru/img600x866/R/T/RTLADV257301_24891590_5_v1.jpg,RTLADV257301,Боди с коротким рукавом,мульти,черный,однотонный,Не указано,трикотаж,Не указано,кнопки,кружево,Не указано,Не указано,Не указано,"Вискоза - 95%, Эластан - 5%"
https://a.lmcdn.ru/img600x866/R/T/RTLADV257301_24891591_6_v1.jpg,RTLADV257301,Боди с коротким рукавом,мульти,черный,однотонный,Не указано,трикотаж,Не указано,кнопки,кружево,Не указано,Не указано,Не указано,"Вискоза - 95%, Эластан - 5%"
https://a.lmcdn.ru/img600x866/M/P/MP002XW147EI_23813284_1_v1.jpeg,MP002XW147EI,Боди c длинным рукавом,мульти,розовый,однотонный,Не указано,трикотаж,Не указано,"кнопки, молния",Не указано,Не указано,Не указано,без подкладки,"Полиамид - 92%, Эластан - 8%"
https://a.lmcdn.ru/img600x866/M/P/MP002XW147EI_23813288_2_v1.jpeg,MP002XW147EI,Боди c длинным рукавом,мульти,розовый,однотонный,Не указано,трикотаж,Не указано,"кнопки, молния",Не указано,Не указано,Не указано,без подкладки,"Полиамид - 92%, Эластан - 8%"
https://a.lmcdn.ru/img600x866/M/P/MP002XW147EI_23813291_3_v1.jpeg,MP002XW147EI,Боди c длинным рукавом,мульти,розовый,однотонный,Не указано,трикотаж,Не указано,"кнопки, молния",Не указано,Не указано,Не указано,без подкладки,"Полиамид - 92%, Эластан - 8%"
https://a.lmcdn.ru/img600x866/M/P/MP002XW147EI_23813295_4_v1.jpeg,MP002XW147EI,Боди c длинным рукавом,мульти,розовый,однотонный,Не указано,трикотаж,Не указано,"кнопки, молния",Не указано,Не указано,Не указано,без подкладки,"Полиамид - 92%, Эластан - 8%"
https://a.lmcdn.ru/img600x866/M/P/MP002XW147EI_23813298_5_v1.jpeg,MP002XW147EI,Боди c длинным рукавом,мульти,розовый,однотонный,Не указано,трикотаж,Не указано,"кнопки, молния",Не указано,Не указано,Не указано,без подкладки,"Полиамид - 92%, Эластан - 8%"
https://a.lmcdn.ru/img600x866/M/P/MP002XW1BYA9_25414452_1_v1_2x.jpg,MP002XW1BYA9,Боди c длинным рукавом,мульти,Не указано,Не указано,Не указано,трикотаж,Не указано,Не указано,Не указано,Не указано,Не указано,Не указано,"Модал - 85%, Кашемир - 9%, Эластан - 6%"
https://a.lmcdn.ru/img600x866/M/P/MP002XW1BYA9_25414453_2_v1_2x.jpg,MP002XW1BYA9,Боди c длинным рукавом,мульти,Не указано,Не указано,Не указано,трикотаж,Не указано,Не указано,Не указано,Не указано,Не указано,Не указано,"Модал - 85%, Кашемир - 9%, Эластан - 6%"
https://a.lmcdn.ru/img600x866/M/P/MP002XW0FIQ0_23846028_1_v2.jpg,MP002XW0FIQ0,Боди с коротким рукавом,мульти,бежевый,Не указано,Не указано,микрофибра,Не указано,Не указано,Не указано,Не указано,Не указано,Не указано,"Хлопок - 96%, Эластан - 4%"
https://a.lmcdn.ru/img600x866/M/P/MP002XW0FIQ0_23846029_2_v2.jpg,MP002XW0FIQ0,Боди с коротким рукавом,мульти,бежевый,Не указано,Не указано,микрофибра,Не указано,Не указано,Не указано,Не указано,Не указано,Не указано,"Хлопок - 96%, Эластан - 4%"
https://a.lmcdn.ru/img600x866/M/P/MP002XW0FIQ0_23846030_3_v2.jpg,MP002XW0FIQ0,Боди с коротким рукавом,мульти,бежевый,Не указано,Не указано,микрофибра,Не указано,Не указано,Не указано,Не указано,Не указано,Не указано,"Хлопок - 96%, Эластан - 4%"
https://a.lmcdn.ru/img600x866/M/P/MP002XW0FIQ0_23951736_4_v1.jpg,MP002XW0FIQ0,Боди с коротким рукавом,мульти,бежевый,Не указано,Не указано,микрофибра,Не указано,Не указано,Не указано,Не указано,Не указано,Не указано,"Хлопок - 96%, Эластан - 4%"
https://a.lmcdn.ru/img600x866/M/P/MP002XW0FIQ0_23951737_5_v1.jpg,MP002XW0FIQ0,Боди с коротким рукавом,мульти,бежевый,Не указано,Не указано,микрофибра,Не указано,Не указано,Не указано,Не указано,Не указано,Не указано,"Хлопок - 96%, Эластан - 4%"
https://a.lmcdn.ru/img600x866/M/P/MP002XW0FIQ0_23854646_9_v1.jpg,MP002XW0FIQ0,Боди с коротким рукавом,мульти,бежевый,Не указано,Не указано,микрофибра,Не указано,Не указано,Не указано,Не указано,Не указано,Не указано,"Хлопок - 96%, Эластан - 4%"
https://a.lmcdn.ru/img600x866/M/P/MP002XW0JL06_20891471_1_v1_2x.jpg,MP002XW0JL06,Боди c длинным рукавом,мульти,Не указано,Не указано,Не указано,трикотаж,Не указано,Не указано,Не указано,Не указано,Не указано,Не указано,"Хлопок - 92%, Эластан - 8%"
https://a.lmcdn.ru/img600x866/M/P/MP002XW0JL06_20891472_2_v1_2x.jpg,MP002XW0JL06,Боди c длинным рукавом,мульти,Не указано,Не указано,Не указано,трикотаж,Не указано,Не указано,Не указано,Не указано,Не указано,Не указано,"Хлопок - 92%, Эластан - 8%"
https://a.lmcdn.ru/img600x866/M/P/MP002XW0JL06_20891473_3_v1_2x.jpg,MP002XW0JL06,Боди c длинным рукавом,мульти,Не указано,Не указано,Не указано,трикотаж,Не указано,Не указано,Не указано,Не указано,Не указано,Не указано,"Хлопок - 92%, Эластан - 8%"
https://a.lmcdn.ru/img600x866/M/P/MP002XW0JL06_20882497_9_v1.jpg,MP002XW0JL06,Боди c длинным рукавом,мульти,Не указано,Не указано,Не указано,трикотаж,Не указано,Не указано,Не указано,Не указано,Не указано,Не указано,"Хлопок - 92%, Эластан - 8%"
https://a.lmcdn.ru/img600x866/M/P/MP002XW143FL_22061060_1_v1_2x.jpg,MP002XW143FL,Боди c длинным рукавом,мульти,Не указано,Не указано,Не указано,текстиль,Не указано,Не указано,Не указано,Не указано,Не указано,Не указано,"Вискоза - 90%, Лайкра - 10%"
https://a.lmcdn.ru/img600x866/M/P/MP002XW143FL_22061061_2_v1_2x.jpg,MP002XW143FL,Боди c длинным рукавом,мульти,Не указано,Не указано,Не указано,текстиль,Не указано,Не указано,Не указано,Не указано,Не указано,Не указано,"Вискоза - 90%, Лайкра - 10%"
https://a.lmcdn.ru/img600x866/M/P/MP002XW0YF2N_25163543_1_v3_2x.jpg,MP002XW0YF2N,Боди c длинным рукавом,мульти,Не указано,Не указано,Не указано,трикотаж,Не указано,Не указано,Не указано,Не указано,Не указано,Не указано,"Полиэстер - 70%, Акрил - 19%, Шерсть - 9%, Эластан - 2%"
https://a.lmcdn.ru/img600x866/M/P/MP002XW0YF2N_25163544_2_v2_2x.jpg,MP002XW0YF2N,Боди c длинным рукавом,мульти,Не указано,Не указано,Не указано,трикотаж,Не указано,Не указано,Не указано,Не указано,Не указано,Не указано,"Полиэстер - 70%, Акрил - 19%, Шерсть - 9%, Эластан - 2%"
https://a.lmcdn.ru/img600x866/M/P/MP002XW0YF2N_25163545_3_v2_2x.jpg,MP002XW0YF2N,Боди c длинным рукавом,мульти,Не указано,Не указано,Не указано,трикотаж,Не указано,Не указано,Не указано,Не указано,Не указано,Не указано,"Полиэстер - 70%, Акрил - 19%, Шерсть - 9%, Эластан - 2%"
https://a.lmcdn.ru/img600x866/M/P/MP002XW0YF2N_25163546_4_v2_2x.jpg,MP002XW0YF2N,Боди c длинным рукавом,мульти,Не указано,Не указано,Не указано,трикотаж,Не указано,Не указано,Не указано,Не указано,Не указано,Не указано,"Полиэстер - 70%, Акрил - 19%, Шерсть - 9%, Эластан - 2%"
https://a.lmcdn.ru/img600x866/M/P/MP002XW17RZR_24288801_1_v1.jpeg,MP002XW17RZR,Боди c длинным рукавом,мульти,бежевый,однотонный,Не указано,фатин/тюль,Не указано,кнопки,Не указано,Не указано,Не указано,без подкладки,"Полиэстер - 92%, Эластан - 8%"
https://a.lmcdn.ru/img600x866/M/P/MP002XW17RZR_24288824_2_v1.jpeg,MP002XW17RZR,Боди c длинным рукавом,мульти,бежевый,однотонный,Не указано,фатин/тюль,Не указано,кнопки,Не указано,Не указано,Не указано,без подкладки,"Полиэстер - 92%, Эластан - 8%"
https://a.lmcdn.ru/img600x866/M/P/MP002XW17RZR_24288816_3_v1.jpeg,MP002XW17RZR,Боди c длинным рукавом,мульти,бежевый,однотонный,Не указано,фатин/тюль,Не указано,кнопки,Не указано,Не указано,Не указано,без подкладки,"Полиэстер - 92%, Эластан - 8%"
https://a.lmcdn.ru/img600x866/M/P/MP002XW17RZR_24288809_4_v1.jpeg,MP002XW17RZR,Боди c длинным рукавом,мульти,бежевый,однотонный,Не указано,фатин/тюль,Не указано,кнопки,Не указано,Не указано,Не указано,без подкладки,"Полиэстер - 92%, Эластан - 8%"
https://a.lmcdn.ru/img600x866/M/P/MP002XW17RZR_24288838_5_v1.jpeg,MP002XW17RZR,Боди c длинным рукавом,мульти,бежевый,однотонный,Не указано,фатин/тюль,Не указано,кнопки,Не указано,Не указано,Не указано,без подкладки,"Полиэстер - 92%, Эластан - 8%"
https://a.lmcdn.ru/img600x866/M/P/MP002XW17RZR_24288830_6_v1.jpeg,MP002XW17RZR,Боди c длинным рукавом,мульти,бежевый,однотонный,Не указано,фатин/тюль,Не указано,кнопки,Не указано,Не указано,Не указано,без подкладки,"Полиэстер - 92%, Эластан - 8%"
https://a.lmcdn.ru/img600x866/M/P/MP002XW184XJ_24826064_1_v1_2x.jpg,MP002XW184XJ,Боди с коротким рукавом,лето,черный,Не указано,Не указано,трикотаж,Не указано,Не указано,Не указано,Не указано,Не указано,Не указано,"Вискоза - 75%, Полиэстер - 25%"
https://a.lmcdn.ru/img600x866/M/P/MP002XW184XJ_24826065_2_v1_2x.jpg,MP002XW184XJ,Боди с коротким рукавом,лето,черный,Не указано,Не указано,трикотаж,Не указано,Не указано,Не указано,Не указано,Не указано,Не указано,"Вискоза - 75%, Полиэстер - 25%"
https://a.lmcdn.ru/img600x866/M/P/MP002XW184XJ_24826066_3_v1_2x.jpg,MP002XW184XJ,Боди с коротким рукавом,лето,черный,Не указано,Не указано,трикотаж,Не указано,Не указано,Не указано,Не указано,Не указано,Не указано,"Вискоза - 75%, Полиэстер - 25%"
https://a.lmcdn.ru/img600x866/M/P/MP002XW184XJ_24826067_4_v1_2x.jpg,MP002XW184XJ,Боди с коротким рукавом,лето,черный,Не указано,Не указано,трикотаж,Не указано,Не указано,Не указано,Не указано,Не указано,Не указано,"Вискоза - 75%, Полиэстер - 25%"
https://a.lmcdn.ru/img600x866/M/P/MP002XW184XJ_24852109_9_v1.jpg,MP002XW184XJ,Боди с коротким рукавом,лето,черный,Не указано,Не указано,трикотаж,Не указано,Не указано,Не указано,Не указано,Не указано,Не указано,"Вискоза - 75%, Полиэстер - 25%"
https://a.lmcdn.ru/img600x866/M/P/MP002XW17BUJ_24059267_1_v1.jpeg,MP002XW17BUJ,Боди c длинным рукавом,мульти,серый,однотонный,Не указано,трикотаж,Не указано,кнопки,Не указано,Не указано,Не указано,без подкладки,"Полиамид - 87%, Эластан - 13%"
https://a.lmcdn.ru/img600x866/M/P/MP002XW17BUJ_24059275_2_v1.jpeg,MP002XW17BUJ,Боди c длинным рукавом,мульти,серый,однотонный,Не указано,трикотаж,Не указано,кнопки,Не указано,Не указано,Не указано,без подкладки,"Полиамид - 87%, Эластан - 13%"
https://a.lmcdn.ru/img600x866/M/P/MP002XW17BUJ_24059278_3_v1.jpeg,MP002XW17BUJ,Боди c длинным рукавом,мульти,серый,однотонный,Не указано,трикотаж,Не указано,кнопки,Не указано,Не указано,Не указано,без подкладки,"Полиамид - 87%, Эластан - 13%"
https://a.lmcdn.ru/img600x866/M/P/MP002XW17BUJ_24059281_4_v1.jpeg,MP002XW17BUJ,Боди c длинным рукавом,мульти,серый,однотонный,Не указано,трикотаж,Не указано,кнопки,Не указано,Не указано,Не указано,без подкладки,"Полиамид - 87%, Эластан - 13%"
https://a.lmcdn.ru/img600x866/M/P/MP002XW148V6_23973781_1_v2_2x.jpg,MP002XW148V6,Боди с коротким рукавом,мульти,Не указано,Не указано,Не указано,трикотаж,Не указано,Не указано,Не указано,Не указано,Не указано,Не указано,"Полиэстер - 93%, Эластан - 7%"
https://a.lmcdn.ru/img600x866/M/P/MP002XW148V6_23973783_2_v2_2x.jpg,MP002XW148V6,Боди с коротким рукавом,мульти,Не указано,Не указано,Не указано,трикотаж,Не указано,Не указано,Не указано,Не указано,Не указано,Не указано,"Полиэстер - 93%, Эластан - 7%"
https://a.lmcdn.ru/img600x866/M/P/MP002XW148V6_23973786_3_v2_2x.jpg,MP002XW148V6,Боди с коротким рукавом,мульти,Не указано,Не указано,Не указано,трикотаж,Не указано,Не указано,Не указано,Не указано,Не указано,Не указано,"Полиэстер - 93%, Эластан - 7%"
https://a.lmcdn.ru/img600x866/M/P/MP002XW148V6_23994713_9_v1.jpg,MP002XW148V6,Боди с коротким рукавом,мульти,Не указано,Не указано,Не указано,трикотаж,Не указано,Не указано,Не указано,Не указано,Не указано,Не указано,"Полиэстер - 93%, Эластан - 7%"
https://a.lmcdn.ru/img600x866/M/P/MP002XW0QX3V_24800520_1_v1_2x.jpg,MP002XW0QX3V,Боди c длинным рукавом,мульти,Не указано,Не указано,Не указано,трикотаж,Не указано,Не указано,Не указано,Не указано,Не указано,Не указано,"Хлопок - 48%, Модал - 44%, Эластан - 8%"
https://a.lmcdn.ru/img600x866/M/P/MP002XW0QX3V_24800521_2_v1_2x.jpg,MP002XW0QX3V,Боди c длинным рукавом,мульти,Не указано,Не указано,Не указано,трикотаж,Не указано,Не указано,Не указано,Не указано,Не указано,Не указано,"Хлопок - 48%, Модал - 44%, Эластан - 8%"
https://a.lmcdn.ru/img600x866/M/P/MP002XW0JA7I_23576207_1_v2_2x.jpg,MP002XW0JA7I,Боди с коротким рукавом,мульти,серебряный,Не указано,Не указано,трикотаж,Не указано,Не указано,Не указано,Не указано,Не указано,Не указано,"Полиэстер - 96%, Эластан - 4%"
https://a.lmcdn.ru/img600x866/M/P/MP002XW0JA7I_23576208_2_v2_2x.jpg,MP002XW0JA7I,Боди с коротким рукавом,мульти,серебряный,Не указано,Не указано,трикотаж,Не указано,Не указано,Не указано,Не указано,Не указано,Не указано,"Полиэстер - 96%, Эластан - 4%"
https://a.lmcdn.ru/img600x866/M/P/MP002XW00FFD_23706805_1_v2.jpeg,MP002XW00FFD,Боди с коротким рукавом,мульти,черный,Не указано,Не указано,текстиль,Не указано,Не указано,Не указано,Не указано,Не указано,без подкладки,"Вискоза - 51%, Полиамид - 45%, Эластан - 4%"
https://a.lmcdn.ru/img600x866/M/P/MP002XW00FFD_23706806_2_v2.jpeg,MP002XW00FFD,Боди с коротким рукавом,мульти,черный,Не указано,Не указано,текстиль,Не указано,Не указано,Не указано,Не указано,Не указано,без подкладки,"Вискоза - 51%, Полиамид - 45%, Эластан - 4%"
https://a.lmcdn.ru/img600x866/M/P/MP002XW00FFD_23706460_3_v2.jpeg,MP002XW00FFD,Боди с коротким рукавом,мульти,черный,Не указано,Не указано,текстиль,Не указано,Не указано,Не указано,Не указано,Не указано,без подкладки,"Вискоза - 51%, Полиамид - 45%, Эластан - 4%"
https://a.lmcdn.ru/img600x866/M/P/MP002XW00FFD_23706464_4_v2.jpeg,MP002XW00FFD,Боди с коротким рукавом,мульти,черный,Не указано,Не указано,текстиль,Не указано,Не указано,Не указано,Не указано,Не указано,без подкладки,"Вискоза - 51%, Полиамид - 45%, Эластан - 4%"
https://a.lmcdn.ru/img600x866/M/P/MP002XW00FFD_24611609_5_v1.jpeg,MP002XW00FFD,Боди с коротким рукавом,мульти,черный,Не указано,Не указано,текстиль,Не указано,Не указано,Не указано,Не указано,Не указано,без подкладки,"Вискоза - 51%, Полиамид - 45%, Эластан - 4%"
https://a.lmcdn.ru/img600x866/M/P/MP002XW00FFD_24611616_6_v1.jpeg,MP002XW00FFD,Боди с коротким рукавом,мульти,черный,Не указано,Не указано,текстиль,Не указано,Не указано,Не указано,Не указано,Не указано,без подкладки,"Вискоза - 51%, Полиамид - 45%, Эластан - 4%"
https://a.lmcdn.ru/img600x866/M/P/MP002XW147EJ_23813340_1_v1.jpeg,MP002XW147EJ,Боди c длинным рукавом,мульти,черный,однотонный,Не указано,трикотаж,Не указано,"кнопки, молния",Не указано,Не указано,Не указано,без подкладки,"Полиамид - 92%, Эластан - 8%"
https://a.lmcdn.ru/img600x866/M/P/MP002XW147EJ_23813244_2_v1.jpeg,MP002XW147EJ,Боди c длинным рукавом,мульти,черный,однотонный,Не указано,трикотаж,Не указано,"кнопки, молния",Не указано,Не указано,Не указано,без подкладки,"Полиамид - 92%, Эластан - 8%"
https://a.lmcdn.ru/img600x866/M/P/MP002XW147EJ_23813250_3_v1.jpeg,MP002XW147EJ,Боди c длинным рукавом,мульти,черный,однотонный,Не указано,трикотаж,Не указано,"кнопки, молния",Не указано,Не указано,Не указано,без подкладки,"Полиамид - 92%, Эластан - 8%"
https://a.lmcdn.ru/img600x866/M/P/MP002XW147EJ_23813253_4_v1.jpeg,MP002XW147EJ,Боди c длинным рукавом,мульти,черный,однотонный,Не указано,трикотаж,Не указано,"кнопки, молния",Не указано,Не указано,Не указано,без подкладки,"Полиамид - 92%, Эластан - 8%"
https://a.lmcdn.ru/img600x866/M/P/MP002XW147EJ_23813259_5_v1.jpeg,MP002XW147EJ,Боди c длинным рукавом,мульти,черный,однотонный,Не указано,трикотаж,Не указано,"кнопки, молния",Не указано,Не указано,Не указано,без подкладки,"Полиамид - 92%, Эластан - 8%"
https://a.lmcdn.ru/img600x866/M/P/MP002XW0FHFU_24800381_1_v1_2x.jpg,MP002XW0FHFU,Боди c длинным рукавом,мульти,Не указано,Не указано,Не указано,трикотаж,Не указано,Не указано,Не указано,Не указано,Не указано,Не указано,"Хлопок - 48%, Модал - 44%, Эластан - 8%"
https://a.lmcdn.ru/img600x866/M/P/MP002XW0FHFU_24800382_2_v1_2x.jpg,MP002XW0FHFU,Боди c длинным рукавом,мульти,Не указано,Не указано,Не указано,трикотаж,Не указано,Не указано,Не указано,Не указано,Не указано,Не указано,"Хлопок - 48%, Модал - 44%, Эластан - 8%"
https://a.lmcdn.ru/img600x866/M/P/MP002XW0IF9Y_25273096_1_v1_2x.jpeg,MP002XW0IF9Y,Боди c длинным рукавом,мульти,черный,Не указано,Не указано,трикотаж,Не указано,Не указано,Не указано,Не указано,Не указано,без подкладки,"Полиэстер - 88%, Эластан - 12%"
https://a.lmcdn.ru/img600x866/M/P/MP002XW0IF9Y_25273113_2_v1_2x.jpeg,MP002XW0IF9Y,Боди c длинным рукавом,мульти,черный,Не указано,Не указано,трикотаж,Не указано,Не указано,Не указано,Не указано,Не указано,без подкладки,"Полиэстер - 88%, Эластан - 12%"
https://a.lmcdn.ru/img600x866/M/P/MP002XW0IF9Y_25273103_3_v1_2x.jpeg,MP002XW0IF9Y,Боди c длинным рукавом,мульти,черный,Не указано,Не указано,трикотаж,Не указано,Не указано,Не указано,Не указано,Не указано,без подкладки,"Полиэстер - 88%, Эластан - 12%"
https://a.lmcdn.ru/img600x866/M/P/MP002XW0IF9Y_25273122_4_v1_2x.jpeg,MP002XW0IF9Y,Боди c длинным рукавом,мульти,черный,Не указано,Не указано,трикотаж,Не указано,Не указано,Не указано,Не указано,Не указано,без подкладки,"Полиэстер - 88%, Эластан - 12%"
https://a.lmcdn.ru/img600x866/M/P/MP002XW0IF9Y_25273108_5_v1_2x.jpeg,MP002XW0IF9Y,Боди c длинным рукавом,мульти,черный,Не указано,Не указано,трикотаж,Не указано,Не указано,Не указано,Не указано,Не указано,без подкладки,"Полиэстер - 88%, Эластан - 12%"
https://a.lmcdn.ru/img600x866/M/P/MP002XW0IF9Y_25273126_6_v1_2x.jpeg,MP002XW0IF9Y,Боди c длинным рукавом,мульти,черный,Не указано,Не указано,трикотаж,Не указано,Не указано,Не указано,Не указано,Не указано,без подкладки,"Полиэстер - 88%, Эластан - 12%"
https://a.lmcdn.ru/img600x866/M/P/MP002XW147EM_23813230_1_v1.jpeg,MP002XW147EM,Боди c длинным рукавом,мульти,черный,однотонный,Не указано,трикотаж,Не указано,"кнопки, молния",Не указано,Не указано,Не указано,без подкладки,"Полиамид - 92%, Эластан - 8%"
https://a.lmcdn.ru/img600x866/M/P/MP002XW147EM_23813235_2_v1.jpeg,MP002XW147EM,Боди c длинным рукавом,мульти,черный,однотонный,Не указано,трикотаж,Не указано,"кнопки, молния",Не указано,Не указано,Не указано,без подкладки,"Полиамид - 92%, Эластан - 8%"
https://a.lmcdn.ru/img600x866/M/P/MP002XW147EM_23813238_3_v1.jpeg,MP002XW147EM,Боди c длинным рукавом,мульти,черный,однотонный,Не указано,трикотаж,Не указано,"кнопки, молния",Не указано,Не указано,Не указано,без подкладки,"Полиамид - 92%, Эластан - 8%"
https://a.lmcdn.ru/img600x866/M/P/MP002XW147EM_23813242_4_v1.jpeg,MP002XW147EM,Боди c длинным рукавом,мульти,черный,однотонный,Не указано,трикотаж,Не указано,"кнопки, молния",Не указано,Не указано,Не указано,без подкладки,"Полиамид - 92%, Эластан - 8%"
https://a.lmcdn.ru/img600x866/M/P/MP002XW147EM_23813248_5_v1.jpeg,MP002XW147EM,Боди c длинным рукавом,мульти,черный,однотонный,Не указано,трикотаж,Не указано,"кнопки, молния",Не указано,Не указано,Не указано,без подкладки,"Полиамид - 92%, Эластан - 8%"
https://a.lmcdn.ru/img600x866/M/P/MP002XW0JJNK_20228423_1_v1_2x.jpg,MP002XW0JJNK,Боди c длинным рукавом,мульти,Не указано,Не указано,Не указано,трикотаж,Не указано,Не указано,Не указано,Не указано,Не указано,Не указано,"Полиамид - 93.4%, Эластан - 6.6%"
https://a.lmcdn.ru/img600x866/M/P/MP002XW0JJNK_20228424_2_v1_2x.jpg,MP002XW0JJNK,Боди c длинным рукавом,мульти,Не указано,Не указано,Не указано,трикотаж,Не указано,Не указано,Не указано,Не указано,Не указано,Не указано,"Полиамид - 93.4%, Эластан - 6.6%"
https://a.lmcdn.ru/img600x866/M/P/MP002XW0JJNK_20228425_3_v1_2x.jpg,MP002XW0JJNK,Боди c длинным рукавом,мульти,Не указано,Не указано,Не указано,трикотаж,Не указано,Не указано,Не указано,Не указано,Не указано,Не указано,"Полиамид - 93.4%, Эластан - 6.6%"
https://a.lmcdn.ru/img600x866/M/P/MP002XW0JJNK_20223849_9_v1.jpg,MP002XW0JJNK,Боди c длинным рукавом,мульти,Не указано,Не указано,Не указано,трикотаж,Не указано,Не указано,Не указано,Не указано,Не указано,Не указано,"Полиамид - 93.4%, Эластан - 6.6%"
https://a.lmcdn.ru/img600x866/M/P/MP002XW173K6_23995957_1_v1_2x.jpg,MP002XW173K6,Боди c длинным рукавом,мульти,Не указано,Не указано,Не указано,бифлекс,Не указано,Не указано,Не указано,Не указано,Не указано,Не указано,"Полиамид - 94%, Эластан - 6%"
https://a.lmcdn.ru/img600x866/M/P/MP002XW173K6_23995958_2_v1_2x.jpg,MP002XW173K6,Боди c длинным рукавом,мульти,Не указано,Не указано,Не указано,бифлекс,Не указано,Не указано,Не указано,Не указано,Не указано,Не указано,"Полиамид - 94%, Эластан - 6%"
https://a.lmcdn.ru/img600x866/M/P/MP002XW18DBO_24535273_1_v1_2x.jpeg,MP002XW18DBO,Боди с коротким рукавом,мульти,серый,однотонный,Не указано,трикотаж,Не указано,кнопки,Не указано,Не указано,Не указано,без подкладки,"Акрил 56%, Лиоцелл 38%, Шелк 6%"
https://a.lmcdn.ru/img600x866/M/P/MP002XW18DBO_24535284_2_v1_2x.jpeg,MP002XW18DBO,Боди с коротким рукавом,мульти,серый,однотонный,Не указано,трикотаж,Не указано,кнопки,Не указано,Не указано,Не указано,без подкладки,"Акрил 56%, Лиоцелл 38%, Шелк 6%"
https://a.lmcdn.ru/img600x866/M/P/MP002XW18DBO_24613104_3_v1.jpeg,MP002XW18DBO,Боди с коротким рукавом,мульти,серый,однотонный,Не указано,трикотаж,Не указано,кнопки,Не указано,Не указано,Не указано,без подкладки,"Акрил 56%, Лиоцелл 38%, Шелк 6%"
https://a.lmcdn.ru/img600x866/M/P/MP002XW18DBO_24613110_4_v1.jpeg,MP002XW18DBO,Боди с коротким рукавом,мульти,серый,однотонный,Не указано,трикотаж,Не указано,кнопки,Не указано,Не указано,Не указано,без подкладки,"Акрил 56%, Лиоцелл 38%, Шелк 6%"
https://a.lmcdn.ru/img600x866/M/P/MP002XW18DBO_24613115_5_v1.jpeg,MP002XW18DBO,Боди с коротким рукавом,мульти,серый,однотонный,Не указано,трикотаж,Не указано,кнопки,Не указано,Не указано,Не указано,без подкладки,"Акрил 56%, Лиоцелл 38%, Шелк 6%"
https://a.lmcdn.ru/img600x866/M/P/MP002XW0X613_19864734_1_v1.jpeg,MP002XW0X613,Боди,мульти,Не указано,Не указано,Не указано,трикотаж,Не указано,Не указано,Не указано,Не указано,Не указано,без подкладки,"Полиэстер - 92%, Эластан - 8%"
https://a.lmcdn.ru/img600x866/M/P/MP002XW0X613_19864737_2_v1.jpeg,MP002XW0X613,Боди,мульти,Не указано,Не указано,Не указано,трикотаж,Не указано,Не указано,Не указано,Не указано,Не указано,без подкладки,"Полиэстер - 92%, Эластан - 8%"
https://a.lmcdn.ru/img600x866/M/P/MP002XW0X613_19864743_3_v1.jpeg,MP002XW0X613,Боди,мульти,Не указано,Не указано,Не указано,трикотаж,Не указано,Не указано,Не указано,Не указано,Не указано,без подкладки,"Полиэстер - 92%, Эластан - 8%"
https://a.lmcdn.ru/img600x866/M/P/MP002XW0X613_19864740_4_v1.jpeg,MP002XW0X613,Боди,мульти,Не указано,Не указано,Не указано,трикотаж,Не указано,Не указано,Не указано,Не указано,Не указано,без подкладки,"Полиэстер - 92%, Эластан - 8%"
https://a.lmcdn.ru/img600x866/M/P/MP002XW0X613_19864745_5_v1.jpeg,MP002XW0X613,Боди,мульти,Не указано,Не указано,Не указано,трикотаж,Не указано,Не указано,Не указано,Не указано,Не указано,без подкладки,"Полиэстер - 92%, Эластан - 8%"
https://a.lmcdn.ru/img600x866/M/P/MP002XW0X613_19864748_6_v1.jpeg,MP002XW0X613,Боди,мульти,Не указано,Не указано,Не указано,трикотаж,Не указано,Не указано,Не указано,Не указано,Не указано,без подкладки,"Полиэстер - 92%, Эластан - 8%"
https://a.lmcdn.ru/img600x866/M/P/MP002XW17S2V_24289451_1_v1_2x.jpeg,MP002XW17S2V,Боди,мульти,золотой,однотонный,Не указано,бифлекс,Не указано,кнопки,Не указано,Не указано,Не указано,Без подкладки,"Нейлон - 80%, Спандекс - 20%"
https://a.lmcdn.ru/img600x866/M/P/MP002XW17S2V_24289461_2_v1_2x.jpeg,MP002XW17S2V,Боди,мульти,золотой,однотонный,Не указано,бифлекс,Не указано,кнопки,Не указано,Не указано,Не указано,Без подкладки,"Нейлон - 80%, Спандекс - 20%"
https://a.lmcdn.ru/img600x866/M/P/MP002XW17S2V_24289474_3_v1_2x.jpeg,MP002XW17S2V,Боди,мульти,золотой,однотонный,Не указано,бифлекс,Не указано,кнопки,Не указано,Не указано,Не указано,Без подкладки,"Нейлон - 80%, Спандекс - 20%"
https://a.lmcdn.ru/img600x866/M/P/MP002XW17S2V_24289484_4_v1_2x.jpeg,MP002XW17S2V,Боди,мульти,золотой,однотонный,Не указано,бифлекс,Не указано,кнопки,Не указано,Не указано,Не указано,Без подкладки,"Нейлон - 80%, Спандекс - 20%"
https://a.lmcdn.ru/img600x866/M/P/MP002XW17S2V_24289491_5_v1_2x.jpeg,MP002XW17S2V,Боди,мульти,золотой,однотонный,Не указано,бифлекс,Не указано,кнопки,Не указано,Не указано,Не указано,Без подкладки,"Нейлон - 80%, Спандекс - 20%"
https://a.lmcdn.ru/img600x866/M/P/MP002XW17S2V_24289496_6_v1_2x.jpeg,MP002XW17S2V,Боди,мульти,золотой,однотонный,Не указано,бифлекс,Не указано,кнопки,Не указано,Не указано,Не указано,Без подкладки,"Нейлон - 80%, Спандекс - 20%"
https://a.lmcdn.ru/img600x866/M/P/MP002XW132TT_23283263_1_v3_2x.jpg,MP002XW132TT,Боди c длинным рукавом,мульти,Не указано,Не указано,Не указано,трикотаж,Не указано,Не указано,Не указано,Не указано,Не указано,Не указано,"Хлопок - 92%, Эластан - 8%"
https://a.lmcdn.ru/img600x866/M/P/MP002XW132TT_23283264_2_v3_2x.jpg,MP002XW132TT,Боди c длинным рукавом,мульти,Не указано,Не указано,Не указано,трикотаж,Не указано,Не указано,Не указано,Не указано,Не указано,Не указано,"Хлопок - 92%, Эластан - 8%"
https://a.lmcdn.ru/img600x866/M/P/MP002XW132TT_23283265_3_v3_2x.jpg,MP002XW132TT,Боди c длинным рукавом,мульти,Не указано,Не указано,Не указано,трикотаж,Не указано,Не указано,Не указано,Не указано,Не указано,Не указано,"Хлопок - 92%, Эластан - 8%"
https://a.lmcdn.ru/img600x866/M/P/MP002XW132TT_23277360_9_v1.jpg,MP002XW132TT,Боди c длинным рукавом,мульти,Не указано,Не указано,Не указано,трикотаж,Не указано,Не указано,Не указано,Не указано,Не указано,Не указано,"Хлопок - 92%, Эластан - 8%"
